id_partido,liga,fecha_hora,equipo_visitante,equipo_local,abridor_visitante,abridor_local,favorito_sabermetrico,probabilidad_inicial,prob_mercado,es_valor,factor_riesgo,score_b1_pitcheo_away,score_b1_pitcheo_home,score_b2_ofensiva_away,score_b2_ofensiva_home,score_b3_bullpen_away,score_b3_bullpen_home,score_b4_eficiencia_away,score_b4_eficiencia_home,senal_moneyline,nivel_certidumbre,fip_away,xfip_away,kbb_away,fip_home,xfip_home,kbb_home,wrc_away,wrc_home,wrc_vs_rhp_away,wrc_vs_lhp_away,wrc_vs_rhp_home,wrc_vs_lhp_home,abridor_mano_away,abridor_mano_home,war_bullpen_away,war_bullpen_home,pitcheos_72h_away,pitcheos_72h_home,baseruns_diff_away,baseruns_diff_home,descripcion_analisis,resultado,probabilidad_actualizada,marcador_final,ganador_real,fecha_actualizacion
825077,MLB,2026-06-04,Los Angeles Dodgers,Arizona Diamondbacks,Shohei Ohtani,Zac Gallen,Los Angeles Dodgers,62.63%,N/D,NO,Bullpen visitante fatigado (B-Ref 72h) | Bullpen local fatigado (B-Ref 72h),94.0,30.4,69.1,48.4,43.0,30.5,68.9,47.1,APRETA TRIGGER VISITANTE,ALTA,0.78,0.75,19.0%,4.90,4.75,9.6%,122,98,100,100,100,100,R,R,3.29,1.75,157,172,-5.7,0.9,Favorito: Los Angeles Dodgers (62.6%) [ALTA] || Score_Pitcheo: Los Angeles Dodgers=56.5 | Arizona Diamondbacks=29.6 (diff=26.9) || Pitcheo: Los Angeles Dodgers FIP=0.78/xFIP=0.75 | Arizona Diamondbacks FIP=4.90/xFIP=4.75 || wRC+: Los Angeles Dodgers=122 | Arizona Diamondbacks=98 (diff=24) || PF=97 | Bullpen WAR: Los Angeles Dodgers=3.29 Arizona Diamondbacks=1.75 | Fatiga(72h): Los Angeles Dodgers=157 Arizona Diamondbacks=172 || Riesgo: Bullpen visitante fatigado (B-Ref 72h) | Bullpen local fatigado (B-Ref 72h),pendiente,62.63%,—,—,2026-06-03 16:45
823456,MLB,2026-06-03,San Diego Padres,Philadelphia Phillies,Walker Buehler,Cristopher Sánchez,Philadelphia Phillies,62.28%,N/D,NO,Bullpen visitante fatigado (B-Ref 72h) | Bullpen local fatigado (B-Ref 72h),38.5,98.6,16.6,22.6,35.6,49.2,38.7,36.5,NO APOSTAR,BAJA,4.64,4.49,11.4%,1.40,1.35,23.6%,85,85,100,100,100,100,R,L,2.38,4.06,105,105,3.4,4.1,Favorito: Philadelphia Phillies (62.3%) [BAJA] || Score_Pitcheo: San Diego Padres=33.7 | Philadelphia Phillies=64.4 (diff=30.8) || Pitcheo: San Diego Padres FIP=4.64/xFIP=4.49 | Philadelphia Phillies FIP=1.40/xFIP=1.35 || wRC+: San Diego Padres=85 | Philadelphia Phillies=85 (diff=0) || PF=96 | Bullpen WAR: San Diego Padres=2.38 Philadelphia Phillies=4.06 | Fatiga(72h): San Diego Padres=105 Philadelphia Phillies=105 || Riesgo: Bullpen visitante fatigado (B-Ref 72h) | Bullpen local fatigado (B-Ref 72h),pendiente,62.28%,—,—,2026-06-03 16:45
824917,MLB,2026-06-03,Toronto Blue Jays,Atlanta Braves,Patrick Corbin,Grant Holmes,Atlanta Braves,58.72%,N/D,NO,Bullpen visitante fatigado (B-Ref 72h) | Bullpen local fatigado (B-Ref 72h),65.6,59.9,32.4,69.0,40.1,42.4,51.8,55.5,APRETA TRIGGER LOCAL,MEDIA,3.47,3.36,10.6%,3.75,3.63,11.6%,90,116,100,100,100,100,L,R,2.94,3.22,105,105,-0.5,-1.6,Favorito: Atlanta Braves (58.7%) [MEDIA] || Score_Pitcheo: Toronto Blue Jays=34.4 | Atlanta Braves=35.8 (diff=1.4) || Pitcheo: Toronto Blue Jays FIP=3.47/xFIP=3.36 | Atlanta Braves FIP=3.75/xFIP=3.63 || wRC+: Toronto Blue Jays=90 | Atlanta Braves=116 (diff=26) || PF=103 | Bullpen WAR: Toronto Blue Jays=2.94 Atlanta Braves=3.22 | Fatiga(72h): Toronto Blue Jays=105 Atlanta Braves=105 || Riesgo: Bullpen visitante fatigado (B-Ref 72h) | Bullpen local fatigado (B-Ref 72h),pendiente,58.72%,—,—,2026-06-03 16:45
823130,MLB,2026-06-03,New York Mets,Seattle Mariners,Freddy Peralta,George Kirby,Seattle Mariners,57.97%,N/D,NO,Bullpen visitante fatigado (B-Ref 72h) | Bullpen local fatigado (B-Ref 72h),71.6,65.8,17.8,43.9,29.7,35.9,57.4,58.3,NO APOSTAR,BAJA,3.37,3.27,14.3%,3.58,3.47,13.5%,85,106,100,100,100,100,R,R,1.65,2.42,172,187,-2.2,-2.5,Favorito: Seattle Mariners (58.0%) [BAJA] || Score_Pitcheo: New York Mets=42.0 | Seattle Mariners=39.9 (diff=2.0) || Pitcheo: New York Mets FIP=3.37/xFIP=3.27 | Seattle Mariners FIP=3.58/xFIP=3.47 || wRC+: New York Mets=85 | Seattle Mariners=106 (diff=21) || PF=97 | Bullpen WAR: New York Mets=1.65 Seattle Mariners=2.42 | Fatiga(72h): New York Mets=172 Seattle Mariners=187 || Riesgo: Bullpen visitante fatigado (B-Ref 72h) | Bullpen local fatigado (B-Ref 72h),fallido,57.97%,New York Mets 7 - 1 Seattle Mariners,New York Mets,2026-06-03 22:18
824755,MLB,2026-06-03,Baltimore Orioles,Boston Red Sox,Chris Bassitt,Payton Tolle,Boston Red Sox,57.31%,N/D,NO,Bullpen visitante fatigado (B-Ref 72h) | Bullpen local fatigado (B-Ref 72h),30.7,95.7,47.4,44.4,21.4,20.8,42.7,62.1,NO APOSTAR,BAJA,4.81,4.66,7.1%,2.48,2.40,20.1%,103,98,100,100,100,100,R,L,0.63,0.56,105,105,2.2,-3.6,Favorito: Boston Red Sox (57.3%) [BAJA] || Score_Pitcheo: Baltimore Orioles=24.7 | Boston Red Sox=55.3 (diff=30.6) || Pitcheo: Baltimore Orioles FIP=4.81/xFIP=4.66 | Boston Red Sox FIP=2.48/xFIP=2.40 || wRC+: Baltimore Orioles=103 | Boston Red Sox=98 (diff=5) || PF=101 | Bullpen WAR: Baltimore Orioles=0.63 Boston Red Sox=0.56 | Fatiga(72h): Baltimore Orioles=105 Boston Red Sox=105 || Riesgo: Bullpen visitante fatigado (B-Ref 72h) | Bullpen local fatigado (B-Ref 72h),pendiente,57.31%,—,—,2026-06-03 16:45
824024,MLB,2026-06-04,Colorado Rockies,Los Angeles Angels,Michael Lorenzen,Walbert Ureña,Los Angeles Angels,56.83%,N/D,NO,Bullpen visitante fatigado (B-Ref 72h) | Bullpen local fatigado (B-Ref 72h) | ⚠️ Señal débil (56.8% < 57.0%),14.5,83.5,45.3,40.0,25.4,21.4,48.1,56.5,APRETA TRIGGER LOCAL,MEDIA,6.86,6.64,9.5%,2.32,2.24,8.5%,90,98,100,100,100,100,R,R,1.12,0.63,157,157,0.6,-1.9,Favorito: Los Angeles Angels (56.8%) [MEDIA] || Score_Pitcheo: Colorado Rockies=25.5 | Los Angeles Angels=32.4 (diff=6.9) || Pitcheo: Colorado Rockies FIP=6.86/xFIP=6.64 | Los Angeles Angels FIP=2.32/xFIP=2.24 || wRC+: Colorado Rockies=90 | Los Angeles Angels=98 (diff=8) || PF=113 | Bullpen WAR: Colorado Rockies=1.12 Los Angeles Angels=0.63 | Fatiga(72h): Colorado Rockies=157 Los Angeles Angels=157 || Riesgo: Bullpen visitante fatigado (B-Ref 72h) | Bullpen local fatigado (B-Ref 72h) | ⚠️ Señal débil (56.8% < 57.0%),pendiente,56.83%,—,—,2026-06-03 16:45
823540,MLB,2026-06-03,Cleveland Guardians,New York Yankees,Gavin Williams,Gerrit Cole,New York Yankees,55.55%,N/D,NO,Abridor local pocas IP (12 IP) | Bullpen visitante fatigado (B-Ref 72h) | Bullpen local fatigado (B-Ref 72h) | ⚠️ Señal débil (55.5% < 57.0%),88.2,91.8,35.8,62.9,40.1,43.5,39.1,64.4,NO APOSTAR,BAJA,2.92,2.82,19.9%,0.00,0.00,16.8%,97,114,100,100,100,100,R,R,2.94,3.36,105,105,3.3,-4.3,Favorito: New York Yankees (55.5%) [BAJA] || Score_Pitcheo: Cleveland Guardians=54.1 | New York Yankees=53.6 (diff=0.5) || Pitcheo: Cleveland Guardians FIP=2.92/xFIP=2.82 | New York Yankees FIP=0.00/xFIP=0.00 || wRC+: Cleveland Guardians=97 | New York Yankees=114 (diff=17) || PF=98 | Bullpen WAR: Cleveland Guardians=2.94 New York Yankees=3.36 | Fatiga(72h): Cleveland Guardians=105 New York Yankees=105 || Riesgo: Abridor local pocas IP (12 IP) | Bullpen visitante fatigado (B-Ref 72h) | Bullpen local fatigado (B-Ref 72h) | ⚠️ Señal débil (55.5% < 57.0%),pendiente,55.55%,—,—,2026-06-03 16:45
823051,MLB,2026-06-03,Texas Rangers,St. Louis Cardinals,MacKenzie Gore,Andre Pallante,Texas Rangers,55.30%,N/D,NO,Bullpen visitante fatigado (B-Ref 72h) | Bullpen local fatigado (B-Ref 72h) | ⚠️ Señal débil (55.3% < 57.0%),62.7,53.0,54.5,42.8,26.2,24.8,56.3,39.7,APRETA TRIGGER VISITANTE,MEDIA,3.76,3.64,14.7%,3.98,3.85,10.2%,105,101,100,100,100,100,L,R,1.22,1.05,157,157,-1.9,3.1,Favorito: Texas Rangers (55.3%) [MEDIA] || Score_Pitcheo: Texas Rangers=42.0 | St. Louis Cardinals=32.6 (diff=9.4) || Pitcheo: Texas Rangers FIP=3.76/xFIP=3.64 | St. Louis Cardinals FIP=3.98/xFIP=3.85 || wRC+: Texas Rangers=105 | St. Louis Cardinals=101 (diff=4) || PF=103 | Bullpen WAR: Texas Rangers=1.22 St. Louis Cardinals=1.05 | Fatiga(72h): Texas Rangers=157 St. Louis Cardinals=157 || Riesgo: Bullpen visitante fatigado (B-Ref 72h) | Bullpen local fatigado (B-Ref 72h) | ⚠️ Señal débil (55.3% < 57.0%),pendiente,55.30%,—,—,2026-06-03 16:45
824671,MLB,2026-06-04,Athletics,Chicago Cubs,Jeffrey Springs,Colin Rea,Chicago Cubs,54.00%,N/D,NO,Bullpen visitante fatigado (B-Ref 72h) | Bullpen local fatigado (B-Ref 72h) | ⚠️ Señal débil (54.0% < 57.0%),60.0,44.1,33.3,59.4,36.2,17.1,41.2,51.6,NO APOSTAR,BAJA,3.87,3.74,13.2%,4.46,4.32,11.6%,96,109,100,100,100,100,L,R,2.45,0.10,105,105,2.6,-0.5,Favorito: Chicago Cubs (54.0%) [BAJA] || Score_Pitcheo: Athletics=38.8 | Chicago Cubs=34.4 (diff=4.4) || Pitcheo: Athletics FIP=3.87/xFIP=3.74 | Chicago Cubs FIP=4.46/xFIP=4.32 || wRC+: Athletics=96 | Chicago Cubs=109 (diff=13) || PF=99 | Bullpen WAR: Athletics=2.45 Chicago Cubs=0.10 | Fatiga(72h): Athletics=105 Chicago Cubs=105 || Riesgo: Bullpen visitante fatigado (B-Ref 72h) | Bullpen local fatigado (B-Ref 72h) | ⚠️ Señal débil (54.0% < 57.0%),pendiente,54.00%,—,—,2026-06-03 16:45
823701,MLB,2026-06-03,Chicago White Sox,Minnesota Twins,Erick Fedde,Taj Bradley,Minnesota Twins,51.55%,N/D,NO,Bullpen visitante fatigado (B-Ref 72h) | Bullpen local fatigado (B-Ref 72h) | ⚠️ Señal débil (51.5% < 57.0%),30.7,74.2,48.6,38.5,35.6,28.2,46.1,51.1,NO APOSTAR,BAJA,4.69,4.54,4.9%,3.38,3.28,17.1%,104,96,100,100,100,100,R,R,2.38,1.47,157,157,1.2,-0.3,Favorito: Minnesota Twins (51.5%) [BAJA] || Score_Pitcheo: Chicago White Sox=20.6 | Minnesota Twins=47.5 (diff=27.0) || Pitcheo: Chicago White Sox FIP=4.69/xFIP=4.54 | Minnesota Twins FIP=3.38/xFIP=3.28 || wRC+: Chicago White Sox=104 | Minnesota Twins=96 (diff=8) || PF=100 | Bullpen WAR: Chicago White Sox=2.38 Minnesota Twins=1.47 | Fatiga(72h): Chicago White Sox=157 Minnesota Twins=157 || Riesgo: Bullpen visitante fatigado (B-Ref 72h) | Bullpen local fatigado (B-Ref 72h) | ⚠️ Señal débil (51.5% < 57.0%),fallido,51.55%,Chicago White Sox 8 - 0 Minnesota Twins,Chicago White Sox,2026-06-03 20:26
824509,MLB,2026-06-03,Kansas City Royals,Cincinnati Reds,Stephen Kolek,Chase Burns,Cincinnati Reds,53.55%,N/D,NO,Bullpen visitante fatigado (B-Ref 72h) | Bullpen local fatigado (B-Ref 72h) | ⚠️ Señal débil (53.5% < 57.0%),68.8,94.1,32.9,39.7,27.3,27.3,54.5,33.2,NO APOSTAR,BAJA,3.31,3.20,9.9%,1.86,1.80,19.1%,94,94,100,100,100,100,R,R,1.36,1.36,172,172,-1.3,5.0,Favorito: Cincinnati Reds (53.5%) [BAJA] || Score_Pitcheo: Kansas City Royals=33.3 | Cincinnati Reds=54.5 (diff=21.3) || Pitcheo: Kansas City Royals FIP=3.31/xFIP=3.20 | Cincinnati Reds FIP=1.86/xFIP=1.80 || wRC+: Kansas City Royals=94 | Cincinnati Reds=94 (diff=0) || PF=99 | Bullpen WAR: Kansas City Royals=1.36 Cincinnati Reds=1.36 | Fatiga(72h): Kansas City Royals=172 Cincinnati Reds=172 || Riesgo: Bullpen visitante fatigado (B-Ref 72h) | Bullpen local fatigado (B-Ref 72h) | ⚠️ Señal débil (53.5% < 57.0%),pendiente,53.55%,—,—,2026-06-03 16:45
824188,MLB,2026-06-04,Pittsburgh Pirates,Houston Astros,Paul Skenes,Spencer Arrighetti,Pittsburgh Pirates,53.41%,N/D,NO,Bullpen visitante fatigado (B-Ref 72h) | Bullpen local fatigado (B-Ref 72h) | ⚠️ Señal débil (53.4% < 57.0%),95.2,83.6,51.3,47.1,31.0,18.9,53.7,50.4,APRETA TRIGGER VISITANTE,MEDIA,2.75,2.66,22.9%,1.27,1.23,8.6%,107,103,100,100,100,100,R,R,1.82,0.32,105,105,-1.1,-0.1,Favorito: Pittsburgh Pirates (53.4%) [MEDIA] || Score_Pitcheo: Pittsburgh Pirates=60.4 | Houston Astros=34.7 (diff=25.7) || Pitcheo: Pittsburgh Pirates FIP=2.75/xFIP=2.66 | Houston Astros FIP=1.27/xFIP=1.23 || wRC+: Pittsburgh Pirates=107 | Houston Astros=103 (diff=4) || PF=99 | Bullpen WAR: Pittsburgh Pirates=1.82 Houston Astros=0.32 | Fatiga(72h): Pittsburgh Pirates=105 Houston Astros=105 || Riesgo: Bullpen visitante fatigado (B-Ref 72h) | Bullpen local fatigado (B-Ref 72h) | ⚠️ Señal débil (53.4% < 57.0%),pendiente,53.41%,—,—,2026-06-03 16:45
822973,MLB,2026-06-03,Detroit Tigers,Tampa Bay Rays,Troy Melton,Nick Martinez,Detroit Tigers,50.36%,N/D,NO,Bullpen visitante fatigado (B-Ref 72h) | Bullpen local fatigado (B-Ref 72h) | ⚠️ Señal débil (50.4% < 57.0%),78.4,84.7,34.3,41.3,39.2,27.9,61.6,30.2,APRETA TRIGGER LOCAL,MEDIA,1.65,1.60,3.4%,2.18,2.11,9.7%,94,103,100,100,100,100,R,R,2.83,1.43,157,157,-3.5,5.9,Favorito: Detroit Tigers (50.4%) [MEDIA] || Score_Pitcheo: Detroit Tigers=23.6 | Tampa Bay Rays=35.1 (diff=11.6) || Pitcheo: Detroit Tigers FIP=1.65/xFIP=1.60 | Tampa Bay Rays FIP=2.18/xFIP=2.11 || wRC+: Detroit Tigers=94 | Tampa Bay Rays=103 (diff=9) || PF=100 | Bullpen WAR: Detroit Tigers=2.83 Tampa Bay Rays=1.43 | Fatiga(72h): Detroit Tigers=157 Tampa Bay Rays=157 || Riesgo: Bullpen visitante fatigado (B-Ref 72h) | Bullpen local fatigado (B-Ref 72h) | ⚠️ Señal débil (50.4% < 57.0%),acertado,50.36%,Detroit Tigers 7 - 2 Tampa Bay Rays,Detroit Tigers,2026-06-03 19:25
823780,MLB,2026-06-03,San Francisco Giants,Milwaukee Brewers,Logan Webb,TBD,San Francisco Giants,52.27%,N/D,NO,Abridor local pocas IP (sin datos) | Bullpen visitante fatigado (B-Ref 72h) | Bullpen local fatigado (B-Ref 72h) | ⚠️ Señal débil (52.3% < 57.0%),41.6,44.7,42.7,37.2,14.0,44.1,50.2,58.7,APRETA TRIGGER VISITANTE,MEDIA,4.58,4.43,13.1%,4.50,4.50,12.0%,103,98,100,100,100,100,R,R,-0.28,3.43,157,157,-0.1,-2.6,Favorito: San Francisco Giants (52.3%) [MEDIA] || Score_Pitcheo: San Francisco Giants=37.2 | Milwaukee Brewers=35.0 (diff=2.2) || Pitcheo: San Francisco Giants FIP=4.58/xFIP=4.43 | Milwaukee Brewers FIP=4.50/xFIP=4.50 || wRC+: San Francisco Giants=103 | Milwaukee Brewers=98 (diff=5) || PF=97 | Bullpen WAR: San Francisco Giants=-0.28 Milwaukee Brewers=3.43 | Fatiga(72h): San Francisco Giants=157 Milwaukee Brewers=157 || Riesgo: Abridor local pocas IP (sin datos) | Bullpen visitante fatigado (B-Ref 72h) | Bullpen local fatigado (B-Ref 72h) | ⚠️ Señal débil (52.3% < 57.0%),pendiente,52.27%,—,—,2026-06-03 16:45
822727,MLB,2026-06-03,Miami Marlins,Washington Nationals,Max Meyer,Andrew Alvarez,Washington Nationals,52.10%,N/D,NO,Bullpen visitante fatigado (B-Ref 72h) | Bullpen local fatigado (B-Ref 72h) | ⚠️ Señal débil (52.1% < 57.0%),91.5,76.1,37.1,55.6,28.2,20.5,52.1,47.8,APRETA TRIGGER LOCAL,MEDIA,2.67,2.59,17.4%,3.36,3.26,18.6%,100,110,100,100,100,100,R,L,1.47,0.52,157,157,-0.6,0.6,Favorito: Washington Nationals (52.1%) [MEDIA] || Score_Pitcheo: Miami Marlins=49.5 | Washington Nationals=50.6 (diff=1.0) || Pitcheo: Miami Marlins FIP=2.67/xFIP=2.59 | Washington Nationals FIP=3.36/xFIP=3.26 || wRC+: Miami Marlins=100 | Washington Nationals=110 (diff=10) || PF=96 | Bullpen WAR: Miami Marlins=1.47 Washington Nationals=0.52 | Fatiga(72h): Miami Marlins=157 Washington Nationals=157 || Riesgo: Bullpen visitante fatigado (B-Ref 72h) | Bullpen local fatigado (B-Ref 72h) | ⚠️ Señal débil (52.1% < 57.0%),fallido,52.10%,Miami Marlins 4 - 1 Washington Nationals,Miami Marlins,2026-06-03 20:21
846678,LMB,2026-06-03 18:00,Conspiradores de Queretaro,Leones de Yucatan,Luis Romero,Brandon Brennan,Leones de Yucatan,48.40%,N/D,NO,Alto,26.2,72.0,79.5,42.5,15.0,65.0,15.0,35.0,APRETA TRIGGER VISITANTE,ALTA,4.97,4.97,2.55,4.28,4.28,1.33,252.00,130.00,100,100,100,100,N/D,N/D,N/D,N/D,0,0,N/D,N/D,Fav: Leones de Yucatan (48.4%) || B1 Pit: Conspiradores de Queretaro=26.2 | Leones de Yucatan=72.0 || B2 Of: Conspiradores de Queretaro=79.5 | Leones de Yucatan=42.5 || B3 Bp: Conspiradores de Queretaro=15.0 | Leones de Yucatan=65.0 || B4 Ef: Conspiradores de Queretaro=15.0 | Leones de Yucatan=35.0 || P: Luis Romero vs Brandon Brennan | FIP: 4.97/4.28 K/BB: 2.55/1.33 Forma: 3-7 (L3) / 4-6 (W2),pendiente,48.40%,-,-,2026-06-03 16:46
846674,LMB,2026-06-03 18:05,Conspiradores de Queretaro,Leones de Yucatan,Esmil Rogers,Cameron Gann,Leones de Yucatan,52.90%,N/D,NO,Medio,26.2,72.0,79.5,42.5,15.0,65.0,15.0,35.0,NO APOSTAR,BAJA,7.39,7.39,0.93,2.76,2.76,2.78,252.00,130.00,100,100,100,100,N/D,N/D,N/D,N/D,0,0,N/D,N/D,Fav: Leones de Yucatan (52.9%) || B1 Pit: Conspiradores de Queretaro=26.2 | Leones de Yucatan=72.0 || B2 Of: Conspiradores de Queretaro=79.5 | Leones de Yucatan=42.5 || B3 Bp: Conspiradores de Queretaro=15.0 | Leones de Yucatan=65.0 || B4 Ef: Conspiradores de Queretaro=15.0 | Leones de Yucatan=35.0 || P: Esmil Rogers vs Cameron Gann | FIP: 7.39/2.76 K/BB: 0.93/2.78 Forma: 3-7 (L3) / 4-6 (W2),pendiente,52.90%,-,-,2026-06-03 16:46
846394,LMB,2026-06-03 18:30,Rieleros de Aguascalientes,Tecos de los Dos Laredos,Harol González,Daniel Mengden,Tecos de los Dos Laredos,56.20%,N/D,NO,Medio,34.5,62.0,78.0,64.2,20.0,55.0,35.0,45.0,NO APOSTAR,BAJA,4.09,4.09,1.50,4.09,4.09,4.00,255.00,193.00,100,100,100,100,N/D,N/D,N/D,N/D,0,0,N/D,N/D,Fav: Tecos de los Dos Laredos (56.2%) || B1 Pit: Rieleros de Aguascalientes=34.5 | Tecos de los Dos Laredos=62.0 || B2 Of: Rieleros de Aguascalientes=78.0 | Tecos de los Dos Laredos=64.2 || B3 Bp: Rieleros de Aguascalientes=20.0 | Tecos de los Dos Laredos=55.0 || B4 Ef: Rieleros de Aguascalientes=35.0 | Tecos de los Dos Laredos=45.0 || P: Harol González vs Daniel Mengden | FIP: 4.09/4.09 K/BB: 1.50/4.00 Forma: 6-4 (W1) / 2-8 (L4),pendiente,56.20%,-,-,2026-06-03 16:46
846262,LMB,2026-06-03 18:30,Guerreros de Oaxaca,Tigres de Quintana Roo,Robert Dugger,Michele Vassalotti,Guerreros de Oaxaca,57.40%,N/D,NO,Medio,44.8,50.5,79.5,64.2,35.0,45.0,70.0,25.0,APRETA TRIGGER VISITANTE,ALTA,6.14,6.14,3.67,11.12,11.12,1.11,267.00,166.00,100,100,100,100,N/D,N/D,N/D,N/D,0,0,N/D,N/D,Fav: Guerreros de Oaxaca (57.4%) || B1 Pit: Guerreros de Oaxaca=44.8 | Tigres de Quintana Roo=50.5 || B2 Of: Guerreros de Oaxaca=79.5 | Tigres de Quintana Roo=64.2 || B3 Bp: Guerreros de Oaxaca=35.0 | Tigres de Quintana Roo=45.0 || B4 Ef: Guerreros de Oaxaca=70.0 | Tigres de Quintana Roo=25.0 || P: Robert Dugger vs Michele Vassalotti | FIP: 6.14/11.12 K/BB: 3.67/1.11 Forma: 4-6 (L5) / 5-5 (W2),pendiente,57.40%,-,-,2026-06-03 16:46
846440,LMB,2026-06-03 19:00,Bravos de Leon,Diablos Rojos del Mexico,Faustino Carrera,Ricardo Pinto,Diablos Rojos del Mexico,68.00%,N/D,NO,Alto,34.5,49.0,89.0,88.0,20.0,35.0,70.0,80.0,NO APOSTAR,BAJA,1.69,1.69,1.77,5.04,5.04,1.65,312.00,307.00,100,100,100,100,N/D,N/D,N/D,N/D,0,0,N/D,N/D,Fav: Diablos Rojos del Mexico (68.0%) || B1 Pit: Bravos de Leon=34.5 | Diablos Rojos del Mexico=49.0 || B2 Of: Bravos de Leon=89.0 | Diablos Rojos del Mexico=88.0 || B3 Bp: Bravos de Leon=20.0 | Diablos Rojos del Mexico=35.0 || B4 Ef: Bravos de Leon=70.0 | Diablos Rojos del Mexico=80.0 || P: Faustino Carrera vs Ricardo Pinto | FIP: 1.69/5.04 K/BB: 1.77/1.65 Forma: 6-4 (W1) / 8-2 (L1),pendiente,68.00%,-,-,2026-06-03 16:46
846538,LMB,2026-06-03 19:00,El Aguila de Veracruz,Piratas de Campeche,Bryce Bonnin,R.J. Martinez,Piratas de Campeche,41.60%,N/D,NO,Alto,44.0,38.2,61.8,68.5,35.0,25.0,15.0,15.0,APRETA TRIGGER LOCAL,ALTA,5.14,5.14,1.86,5.72,5.72,4.33,161.00,210.00,100,100,100,100,N/D,N/D,N/D,N/D,0,0,N/D,N/D,Fav: Piratas de Campeche (41.6%) || B1 Pit: El Aguila de Veracruz=44.0 | Piratas de Campeche=38.2 || B2 Of: El Aguila de Veracruz=61.8 | Piratas de Campeche=68.5 || B3 Bp: El Aguila de Veracruz=35.0 | Piratas de Campeche=25.0 || B4 Ef: El Aguila de Veracruz=15.0 | Piratas de Campeche=15.0 || P: Bryce Bonnin vs R.J. Martinez | FIP: 5.14/5.72 K/BB: 1.86/4.33 Forma: 2-8 (W1) / 4-6 (L1),pendiente,41.60%,-,-,2026-06-03 16:46
846126,LMB,2026-06-03 19:10,Dorados de Chihuahua,Caliente de Durango,Nick Struck,Odrisamer Despaigne,Caliente de Durango,61.10%,N/D,NO,Medio,38.8,56.0,71.0,76.5,30.0,45.0,25.0,60.0,NO APOSTAR,BAJA,7.09,7.09,1.08,4.82,4.82,3.60,225.00,216.00,100,100,100,100,N/D,N/D,N/D,N/D,0,0,N/D,N/D,Fav: Caliente de Durango (61.1%) || B1 Pit: Dorados de Chihuahua=38.8 | Caliente de Durango=56.0 || B2 Of: Dorados de Chihuahua=71.0 | Caliente de Durango=76.5 || B3 Bp: Dorados de Chihuahua=30.0 | Caliente de Durango=45.0 || B4 Ef: Dorados de Chihuahua=25.0 | Caliente de Durango=60.0 || P: Nick Struck vs Odrisamer Despaigne | FIP: 7.09/4.82 K/BB: 1.08/3.60 Forma: 3-7 (L1) / 7-3 (W6),pendiente,61.10%,-,-,2026-06-03 16:46
846775,LMB,2026-06-04 18:05,Pericos de Puebla,Olmecas de Tabasco,?,?,Olmecas de Tabasco,72.20%,N/D,NO,Medio,50.5,64.0,88.0,82.0,40.0,55.0,60.0,80.0,NO APOSTAR,BAJA,5.38,5.38,2.17,4.76,4.76,2.55,280.00,280.00,100,100,100,100,N/D,N/D,N/D,N/D,0,0,N/D,N/D,Fav: Olmecas de Tabasco (72.2%) || B1 Pit: Pericos de Puebla=50.5 | Olmecas de Tabasco=64.0 || B2 Of: Pericos de Puebla=88.0 | Olmecas de Tabasco=82.0 || B3 Bp: Pericos de Puebla=40.0 | Olmecas de Tabasco=55.0 || B4 Ef: Pericos de Puebla=60.0 | Olmecas de Tabasco=80.0 || P: ? vs ? | FIP: 5.38/4.76 K/BB: 2.17/2.55 Forma: 5-5 (W1) / 8-2 (L1),pendiente,72.20%,-,-,2026-06-03 16:46
846626,LMB,2026-06-03 19:30,Sultanes de Monterrey,Saraperos de Saltillo,Manny Banuelos,Fineas Del Bonta-Smith,Sultanes de Monterrey,62.00%,N/D,NO,Medio,65.0,54.0,71.0,64.8,60.0,40.0,70.0,25.0,NO APOSTAR,BAJA,4.51,4.51,2.33,4.83,4.83,2.72,207.00,195.00,100,100,100,100,N/D,N/D,N/D,N/D,0,0,N/D,N/D,Fav: Sultanes de Monterrey (62.0%) || B1 Pit: Sultanes de Monterrey=65.0 | Saraperos de Saltillo=54.0 || B2 Of: Sultanes de Monterrey=71.0 | Saraperos de Saltillo=64.8 || B3 Bp: Sultanes de Monterrey=60.0 | Saraperos de Saltillo=40.0 || B4 Ef: Sultanes de Monterrey=70.0 | Saraperos de Saltillo=25.0 || P: Manny Banuelos vs Fineas Del Bonta-Smith | FIP: 4.51/4.83 K/BB: 2.33/2.72 Forma: 5-5 (W1) / 4-6 (L2),pendiente,62.00%,-,-,2026-06-03 16:46
846354,LMB,2026-06-03 19:45,Algodoneros Union Laguna,Acereros del Norte,Jaime Barria,Jorge Tavarez,Acereros del Norte,64.30%,N/D,NO,Medio,41.0,57.0,67.0,72.0,30.0,45.0,25.0,70.0,NO APOSTAR,BAJA,5.45,5.45,2.10,3.29,3.29,8.67,231.00,230.00,100,100,100,100,N/D,N/D,N/D,N/D,0,0,N/D,N/D,Fav: Acereros del Norte (64.3%) || B1 Pit: Algodoneros Union Laguna=41.0 | Acereros del Norte=57.0 || B2 Of: Algodoneros Union Laguna=67.0 | Acereros del Norte=72.0 || B3 Bp: Algodoneros Union Laguna=30.0 | Acereros del Norte=45.0 || B4 Ef: Algodoneros Union Laguna=25.0 | Acereros del Norte=70.0 || P: Jaime Barria vs Jorge Tavarez | FIP: 5.45/3.29 K/BB: 2.10/8.67 Forma: 4-6 (W1) / 6-4 (L1),pendiente,64.30%,-,-,2026-06-03 16:46
846069,LMB,2026-06-03 20:35,Charros de Jalisco,Toros de Tijuana,Kurt Heyer,Randy Wynne,Toros de Tijuana,77.80%,N/D,NO,Medio,60.5,83.5,73.0,67.2,50.0,80.0,45.0,80.0,NO APOSTAR,BAJA,3.63,3.63,2.18,4.48,4.48,24.00,202.00,210.00,100,100,100,100,N/D,N/D,N/D,N/D,0,0,N/D,N/D,Fav: Toros de Tijuana (77.8%) || B1 Pit: Charros de Jalisco=60.5 | Toros de Tijuana=83.5 || B2 Of: Charros de Jalisco=73.0 | Toros de Tijuana=67.2 || B3 Bp: Charros de Jalisco=50.0 | Toros de Tijuana=80.0 || B4 Ef: Charros de Jalisco=45.0 | Toros de Tijuana=80.0 || P: Kurt Heyer vs Randy Wynne | FIP: 3.63/4.48 K/BB: 2.18/24.00 Forma: 7-3 (L2) / 7-3 (W3),pendiente,77.80%,-,-,2026-06-03 16:46
824919,MLB,2026-06-04,Toronto Blue Jays,Atlanta Braves,Mason Fluharty,Chris Sale,Atlanta Braves,65.37%,N/D,NO,Bullpen visitante fatigado (B-Ref 72h) | Bullpen local fatigado (B-Ref 72h) | Opener visitante,36.7,97.6,31.0,70.5,39.9,42.7,51.8,55.1,APRETA TRIGGER LOCAL,ALTA,3.56,3.45,20.7%,1.86,1.80,22.6%,89,117,100,100,100,100,L,L,2.91,3.25,105,105,-0.6,-1.5,Favorito: Atlanta Braves (65.4%) [ALTA] || Score_Pitcheo: Toronto Blue Jays=54.4 | Atlanta Braves=61.5 (diff=7.2) || Pitcheo: Toronto Blue Jays FIP=3.56/xFIP=3.45 | Atlanta Braves FIP=1.86/xFIP=1.80 || wRC+: Toronto Blue Jays=89 | Atlanta Braves=117 (diff=28) || PF=103 | Bullpen WAR: Toronto Blue Jays=2.91 Atlanta Braves=3.25 | Fatiga(72h): Toronto Blue Jays=105 Atlanta Braves=105 || Riesgo: Bullpen visitante fatigado (B-Ref 72h) | Bullpen local fatigado (B-Ref 72h) | Opener visitante,pendiente,65.37%,—,—,2026-06-04 00:40
823457,MLB,2026-06-04,San Diego Padres,Philadelphia Phillies,Lucas Giolito,Zack Wheeler,Philadelphia Phillies,67.86%,N/D,NO,Abridor visitante pocas IP (16 IP) | Bullpen visitante fatigado (B-Ref 72h) | Bullpen local fatigado (B-Ref 72h),24.7,91.8,15.2,22.6,35.9,50.4,40.8,34.4,APRETA TRIGGER LOCAL,MEDIA,4.62,4.47,-2.9%,2.19,2.13,16.8%,84,85,100,100,100,100,R,R,2.42,4.20,105,105,2.8,4.7,Favorito: Philadelphia Phillies (67.9%) [MEDIA] || Score_Pitcheo: San Diego Padres=5.1 | Philadelphia Phillies=49.3 (diff=44.2) || Pitcheo: San Diego Padres FIP=4.62/xFIP=4.47 | Philadelphia Phillies FIP=2.19/xFIP=2.13 || wRC+: San Diego Padres=84 | Philadelphia Phillies=85 (diff=1) || PF=96 | Bullpen WAR: San Diego Padres=2.42 Philadelphia Phillies=4.20 | Fatiga(72h): San Diego Padres=105 Philadelphia Phillies=105 || Riesgo: Abridor visitante pocas IP (16 IP) | Bullpen visitante fatigado (B-Ref 72h) | Bullpen local fatigado (B-Ref 72h),acertado,67.86%,San Diego Padres 4 - 6 Philadelphia Phillies,Philadelphia Phillies,2026-06-04 19:53
823542,MLB,2026-06-04,Cleveland Guardians,New York Yankees,Slade Cecconi,Carlos Rodón,New York Yankees,62.02%,N/D,NO,Bullpen visitante fatigado (B-Ref 72h) | Bullpen local fatigado (B-Ref 72h),37.8,82.9,37.2,61.4,41.0,43.5,39.1,64.7,APRETA TRIGGER LOCAL,MEDIA,4.67,4.53,11.6%,2.74,2.65,10.4%,98,113,100,100,100,100,R,L,3.04,3.36,105,105,3.3,-4.4,Favorito: New York Yankees (62.0%) [MEDIA] || Score_Pitcheo: Cleveland Guardians=34.0 | New York Yankees=35.4 (diff=1.4) || Pitcheo: Cleveland Guardians FIP=4.67/xFIP=4.53 | New York Yankees FIP=2.74/xFIP=2.65 || wRC+: Cleveland Guardians=98 | New York Yankees=113 (diff=15) || PF=98 | Bullpen WAR: Cleveland Guardians=3.04 New York Yankees=3.36 | Fatiga(72h): Cleveland Guardians=105 New York Yankees=105 || Riesgo: Bullpen visitante fatigado (B-Ref 72h) | Bullpen local fatigado (B-Ref 72h),acertado,62.02%,Cleveland Guardians 1 - 2 New York Yankees,New York Yankees,2026-06-04 20:01
825076,MLB,2026-06-04,Los Angeles Dodgers,Arizona Diamondbacks,Justin Wrobleski,Ryne Nelson,Los Angeles Dodgers,61.75%,N/D,NO,Bullpen visitante fatigado (B-Ref 72h) | Bullpen local fatigado (B-Ref 72h),82.6,40.4,69.1,45.4,44.4,30.2,69.8,46.1,NO APOSTAR,BAJA,2.73,2.64,9.8%,4.58,4.43,11.9%,122,96,100,100,100,100,L,R,3.46,1.72,105,105,-5.9,1.2,Favorito: Los Angeles Dodgers (61.8%) [BAJA] || Score_Pitcheo: Los Angeles Dodgers=34.2 | Arizona Diamondbacks=34.8 (diff=0.6) || Pitcheo: Los Angeles Dodgers FIP=2.73/xFIP=2.64 | Arizona Diamondbacks FIP=4.58/xFIP=4.43 || wRC+: Los Angeles Dodgers=122 | Arizona Diamondbacks=96 (diff=26) || PF=97 | Bullpen WAR: Los Angeles Dodgers=3.46 Arizona Diamondbacks=1.72 | Fatiga(72h): Los Angeles Dodgers=105 Arizona Diamondbacks=105 || Riesgo: Bullpen visitante fatigado (B-Ref 72h) | Bullpen local fatigado (B-Ref 72h),pendiente,61.75%,—,—,2026-06-04 00:40
823779,MLB,2026-06-04,San Francisco Giants,Milwaukee Brewers,Adrian Houser,Coleman Crow,San Francisco Giants,50.21%,N/D,NO,Abridor local pocas IP (16 IP) | Bullpen visitante fatigado (B-Ref 72h) | Bullpen local fatigado (B-Ref 72h) | ⚠️ Señal débil (50.2% < 57.0%),19.5,16.7,41.3,34.4,15.4,45.3,48.5,60.4,NO APOSTAR,BAJA,5.22,5.05,6.2%,5.64,5.46,7.1%,102,96,100,100,100,100,R,R,-0.10,3.57,157,157,0.5,-3.1,Favorito: San Francisco Giants (50.2%) [BAJA] || Score_Pitcheo: San Francisco Giants=22.1 | Milwaukee Brewers=23.1 (diff=1.0) || Pitcheo: San Francisco Giants FIP=5.22/xFIP=5.05 | Milwaukee Brewers FIP=5.64/xFIP=5.46 || wRC+: San Francisco Giants=102 | Milwaukee Brewers=96 (diff=6) || PF=97 | Bullpen WAR: San Francisco Giants=-0.10 Milwaukee Brewers=3.57 | Fatiga(72h): San Francisco Giants=157 Milwaukee Brewers=157 || Riesgo: Abridor local pocas IP (16 IP) | Bullpen visitante fatigado (B-Ref 72h) | Bullpen local fatigado (B-Ref 72h) | ⚠️ Señal débil (50.2% < 57.0%),acertado,50.21%,San Francisco Giants 12 - 9 Milwaukee Brewers,San Francisco Giants,2026-06-04 21:34
824185,MLB,2026-06-04,Pittsburgh Pirates,Houston Astros,Jared Jones,Kai-Wei Teng,Houston Astros,56.66%,N/D,NO,Abridor visitante pocas IP (6 IP) | Bullpen visitante fatigado (B-Ref 72h) | Bullpen local fatigado (B-Ref 72h) | ⚠️ Señal débil (56.7% < 57.0%),28.7,87.9,52.7,48.6,28.2,17.6,54.5,49.7,APRETA TRIGGER VISITANTE,MEDIA,7.12,6.90,23.7%,2.53,2.45,12.9%,108,104,100,100,100,100,R,R,1.47,0.17,105,105,-1.4,0.1,Favorito: Houston Astros (56.7%) [MEDIA] || Score_Pitcheo: Pittsburgh Pirates=53.4 | Houston Astros=40.8 (diff=12.6) || Pitcheo: Pittsburgh Pirates FIP=7.12/xFIP=6.90 | Houston Astros FIP=2.53/xFIP=2.45 || wRC+: Pittsburgh Pirates=108 | Houston Astros=104 (diff=4) || PF=99 | Bullpen WAR: Pittsburgh Pirates=1.47 Houston Astros=0.17 | Fatiga(72h): Pittsburgh Pirates=105 Houston Astros=105 || Riesgo: Abridor visitante pocas IP (6 IP) | Bullpen visitante fatigado (B-Ref 72h) | Bullpen local fatigado (B-Ref 72h) | ⚠️ Señal débil (56.7% < 57.0%),pendiente,56.66%,—,—,2026-06-04 00:40
824672,MLB,2026-06-04,Athletics,Chicago Cubs,J.T. Ginn,Shota Imanaga,Chicago Cubs,53.34%,N/D,NO,Bullpen visitante fatigado (B-Ref 72h) | Bullpen local fatigado (B-Ref 72h) | ⚠️ Señal débil (53.3% < 57.0%),83.7,57.5,38.8,67.9,37.3,17.1,39.9,52.9,APRETA TRIGGER LOCAL,MEDIA,2.59,2.51,11.0%,3.98,3.85,16.9%,95,110,100,100,100,100,R,L,2.59,0.10,120,120,3.0,-0.9,Favorito: Chicago Cubs (53.3%) [MEDIA] || Score_Pitcheo: Athletics=36.9 | Chicago Cubs=46.0 (diff=9.1) || Pitcheo: Athletics FIP=2.59/xFIP=2.51 | Chicago Cubs FIP=3.98/xFIP=3.85 || wRC+: Athletics=95 | Chicago Cubs=110 (diff=15) || PF=99 | Bullpen WAR: Athletics=2.59 Chicago Cubs=0.10 | Fatiga(72h): Athletics=120 Chicago Cubs=120 || Riesgo: Bullpen visitante fatigado (B-Ref 72h) | Bullpen local fatigado (B-Ref 72h) | ⚠️ Señal débil (53.3% < 57.0%),pendiente,53.34%,—,—,2026-06-04 00:40
824753,MLB,2026-06-04,Baltimore Orioles,Boston Red Sox,Trevor Rogers,Brayan Bello,Boston Red Sox,51.19%,N/D,NO,Bullpen visitante fatigado (B-Ref 72h) | Bullpen local fatigado (B-Ref 72h) | ⚠️ Señal débil (51.2% < 57.0%),14.9,12.7,51.7,51.6,21.0,21.9,42.4,62.5,APRETA TRIGGER VISITANTE,MEDIA,5.98,5.79,9.6%,6.02,5.83,7.8%,103,100,100,100,100,100,L,R,0.59,0.70,105,105,2.3,-3.8,Favorito: Boston Red Sox (51.2%) [MEDIA] || Score_Pitcheo: Baltimore Orioles=27.4 | Boston Red Sox=23.8 (diff=3.7) || Pitcheo: Baltimore Orioles FIP=5.98/xFIP=5.79 | Boston Red Sox FIP=6.02/xFIP=5.83 || wRC+: Baltimore Orioles=103 | Boston Red Sox=100 (diff=3) || PF=101 | Bullpen WAR: Baltimore Orioles=0.59 Boston Red Sox=0.70 | Fatiga(72h): Baltimore Orioles=105 Boston Red Sox=105 || Riesgo: Bullpen visitante fatigado (B-Ref 72h) | Bullpen local fatigado (B-Ref 72h) | ⚠️ Señal débil (51.2% < 57.0%),fallido,51.19%,Baltimore Orioles 8 - 2 Boston Red Sox,Baltimore Orioles,2026-06-04 20:20
823698,MLB,2026-06-04,Kansas City Royals,Minnesota Twins,Seth Lugo,Andrew Morris,Kansas City Royals,51.30%,N/D,NO,Bullpen visitante fatigado (B-Ref 72h) | Bullpen local fatigado (B-Ref 72h) | ⚠️ Señal débil (51.3% < 57.0%),67.1,53.4,32.9,35.6,28.8,27.3,53.9,50.0,NO APOSTAR,BAJA,3.48,3.37,12.3%,4.05,3.92,12.2%,94,94,100,100,100,100,R,R,1.54,1.36,120,105,-1.2,0.0,Favorito: Kansas City Royals (51.3%) [BAJA] || Score_Pitcheo: Kansas City Royals=37.8 | Minnesota Twins=36.4 (diff=1.3) || Pitcheo: Kansas City Royals FIP=3.48/xFIP=3.37 | Minnesota Twins FIP=4.05/xFIP=3.92 || wRC+: Kansas City Royals=94 | Minnesota Twins=94 (diff=0) || PF=99 | Bullpen WAR: Kansas City Royals=1.54 Minnesota Twins=1.36 | Fatiga(72h): Kansas City Royals=120 Minnesota Twins=105 || Riesgo: Bullpen visitante fatigado (B-Ref 72h) | Bullpen local fatigado (B-Ref 72h) | ⚠️ Señal débil (51.3% < 57.0%),pendiente,51.30%,—,—,2026-06-04 00:40
846398,LMB,2026-06-04 18:00,Rieleros de Aguascalientes,Tecos de los Dos Laredos,Oscar De La Cruz,Tyler Ivey,Tecos de los Dos Laredos,57.40%,N/D,NO,Medio,34.5,62.0,78.0,64.2,20.0,55.0,25.0,45.0,APRETA TRIGGER VISITANTE,MEDIA,4.17,4.17,3.20,4.47,4.47,3.00,254.00,200.00,100,100,100,100,N/D,N/D,N/D,N/D,0,0,N/D,N/D,Fav: Tecos de los Dos Laredos (57.4%) || B1 Pit: Rieleros de Aguascalientes=34.5 | Tecos de los Dos Laredos=62.0 || B2 Of: Rieleros de Aguascalientes=78.0 | Tecos de los Dos Laredos=64.2 || B3 Bp: Rieleros de Aguascalientes=20.0 | Tecos de los Dos Laredos=55.0 || B4 Ef: Rieleros de Aguascalientes=25.0 | Tecos de los Dos Laredos=45.0 || P: Oscar De La Cruz vs Tyler Ivey | FIP: 4.17/4.47 K/BB: 3.20/3.00 Forma: 5-5 (L1) / 3-7 (W1),acertado,57.40%,Rieleros de Aguascalientes 0 - 6 Tecos de los Dos Laredos,Tecos de los Dos Laredos,2026-06-04 05:35
846257,LMB,2026-06-04 18:30,Guerreros de Oaxaca,Tigres de Quintana Roo,Tommy Romero,Colton Eastman,Guerreros de Oaxaca,53.90%,N/D,NO,Medio,44.8,50.5,79.5,64.2,35.0,45.0,70.0,25.0,NO APOSTAR,BAJA,7.00,7.00,1.17,6.43,6.43,1.67,266.00,170.00,100,100,100,100,N/D,N/D,N/D,N/D,0,0,N/D,N/D,Fav: Guerreros de Oaxaca (53.9%) || B1 Pit: Guerreros de Oaxaca=44.8 | Tigres de Quintana Roo=50.5 || B2 Of: Guerreros de Oaxaca=79.5 | Tigres de Quintana Roo=64.2 || B3 Bp: Guerreros de Oaxaca=35.0 | Tigres de Quintana Roo=45.0 || B4 Ef: Guerreros de Oaxaca=70.0 | Tigres de Quintana Roo=25.0 || P: Tommy Romero vs Colton Eastman | FIP: 7.00/6.43 K/BB: 1.17/1.67 Forma: 3-7 (L6) / 6-4 (W3),fallido,53.90%,Guerreros de Oaxaca 1 - 5 Tigres de Quintana Roo,Tigres de Quintana Roo,2026-06-04 05:35
846441,LMB,2026-06-04 19:00,Bravos de Leon,Diablos Rojos del Mexico,Felipe Gonzalez,Justin Courtney,Diablos Rojos del Mexico,63.50%,N/D,NO,Alto,37.5,40.5,89.0,88.0,25.0,25.0,70.0,80.0,NO APOSTAR,BAJA,5.78,5.78,1.69,6.41,6.41,2.07,321.00,310.00,100,100,100,100,N/D,N/D,N/D,N/D,0,0,N/D,N/D,Fav: Diablos Rojos del Mexico (63.5%) || B1 Pit: Bravos de Leon=37.5 | Diablos Rojos del Mexico=40.5 || B2 Of: Bravos de Leon=89.0 | Diablos Rojos del Mexico=88.0 || B3 Bp: Bravos de Leon=25.0 | Diablos Rojos del Mexico=25.0 || B4 Ef: Bravos de Leon=70.0 | Diablos Rojos del Mexico=80.0 || P: Felipe Gonzalez vs Justin Courtney | FIP: 5.78/6.41 K/BB: 1.69/2.07 Forma: 6-4 (W2) / 7-3 (L2),fallido,63.50%,Bravos de Leon 8 - 4 Diablos Rojos del Mexico,Bravos de Leon,2026-06-04 05:35
846534,LMB,2026-06-04 19:00,El Aguila de Veracruz,Piratas de Campeche,Dinelson Lamet,Joe Record,Piratas de Campeche,42.90%,N/D,NO,Alto,44.0,36.0,61.8,68.5,35.0,25.0,15.0,15.0,APRETA TRIGGER LOCAL,ALTA,5.60,5.60,1.78,4.86,4.86,5.67,172.00,214.00,100,100,100,100,N/D,N/D,N/D,N/D,0,0,N/D,N/D,Fav: Piratas de Campeche (42.9%) || B1 Pit: El Aguila de Veracruz=44.0 | Piratas de Campeche=36.0 || B2 Of: El Aguila de Veracruz=61.8 | Piratas de Campeche=68.5 || B3 Bp: El Aguila de Veracruz=35.0 | Piratas de Campeche=25.0 || B4 Ef: El Aguila de Veracruz=15.0 | Piratas de Campeche=15.0 || P: Dinelson Lamet vs Joe Record | FIP: 5.60/4.86 K/BB: 1.78/5.67 Forma: 3-7 (W2) / 3-7 (L2),fallido,42.90%,El Aguila de Veracruz 10 - 5 Piratas de Campeche,El Aguila de Veracruz,2026-06-04 05:35
846124,LMB,2026-06-04 19:10,Dorados de Chihuahua,Caliente de Durango,Emilio Vargas,Spencer Turnbull,Caliente de Durango,60.70%,N/D,NO,Medio,38.8,56.0,73.5,73.5,30.0,45.0,25.0,60.0,NO APOSTAR,BAJA,5.79,5.79,2.77,5.00,5.00,2.60,232.00,219.00,100,100,100,100,N/D,N/D,N/D,N/D,0,0,N/D,N/D,Fav: Caliente de Durango (60.7%) || B1 Pit: Dorados de Chihuahua=38.8 | Caliente de Durango=56.0 || B2 Of: Dorados de Chihuahua=73.5 | Caliente de Durango=73.5 || B3 Bp: Dorados de Chihuahua=30.0 | Caliente de Durango=45.0 || B4 Ef: Dorados de Chihuahua=25.0 | Caliente de Durango=60.0 || P: Emilio Vargas vs Spencer Turnbull | FIP: 5.79/5.00 K/BB: 2.77/2.60 Forma: 4-6 (W1) / 6-4 (L1),fallido,60.70%,Dorados de Chihuahua 3 - 2 Caliente de Durango,Dorados de Chihuahua,2026-06-04 05:35
846776,LMB,2026-06-04 18:00,Pericos de Puebla,Olmecas de Tabasco,Jose E. Martinez,Austin Warner,Olmecas de Tabasco,73.00%,N/D,NO,Medio,50.5,64.0,88.0,82.0,40.0,55.0,60.0,80.0,NO APOSTAR,BAJA,5.38,5.38,2.17,4.50,4.50,2.86,280.00,280.00,100,100,100,100,N/D,N/D,N/D,N/D,0,0,N/D,N/D,Fav: Olmecas de Tabasco (73.0%) || B1 Pit: Pericos de Puebla=50.5 | Olmecas de Tabasco=64.0 || B2 Of: Pericos de Puebla=88.0 | Olmecas de Tabasco=82.0 || B3 Bp: Pericos de Puebla=40.0 | Olmecas de Tabasco=55.0 || B4 Ef: Pericos de Puebla=60.0 | Olmecas de Tabasco=80.0 || P: Jose E. Martinez vs Austin Warner | FIP: 5.38/4.50 K/BB: 2.17/2.86 Forma: 5-5 (W1) / 8-2 (L1),pendiente,73.00%,-,-,2026-06-04 00:41
846633,LMB,2026-06-04 19:30,Sultanes de Monterrey,Saraperos de Saltillo,Stephen Tarpley,Bryant Salgado,Sultanes de Monterrey,58.70%,N/D,NO,Medio,65.0,52.5,71.0,66.2,60.0,40.0,70.0,25.0,NO APOSTAR,BAJA,5.81,5.81,2.14,3.65,3.65,2.00,212.00,198.00,100,100,100,100,N/D,N/D,N/D,N/D,0,0,N/D,N/D,Fav: Sultanes de Monterrey (58.7%) || B1 Pit: Sultanes de Monterrey=65.0 | Saraperos de Saltillo=52.5 || B2 Of: Sultanes de Monterrey=71.0 | Saraperos de Saltillo=66.2 || B3 Bp: Sultanes de Monterrey=60.0 | Saraperos de Saltillo=40.0 || B4 Ef: Sultanes de Monterrey=70.0 | Saraperos de Saltillo=25.0 || P: Stephen Tarpley vs Bryant Salgado | FIP: 5.81/3.65 K/BB: 2.14/2.00 Forma: 5-5 (W2) / 3-7 (L3),acertado,58.70%,Sultanes de Monterrey 6 - 3 Saraperos de Saltillo,Sultanes de Monterrey,2026-06-04 05:35
846673,LMB,2026-06-04 19:30,Conspiradores de Queretaro,Leones de Yucatan,Junior Guerra,?,Leones de Yucatan,51.20%,N/D,NO,Medio,26.2,72.0,79.5,44.8,15.0,65.0,15.0,25.0,NO APOSTAR,BAJA,7.89,7.89,0.77,4.58,4.58,2.69,262.00,137.00,100,100,100,100,N/D,N/D,N/D,N/D,0,0,N/D,N/D,Fav: Leones de Yucatan (51.2%) || B1 Pit: Conspiradores de Queretaro=26.2 | Leones de Yucatan=72.0 || B2 Of: Conspiradores de Queretaro=79.5 | Leones de Yucatan=44.8 || B3 Bp: Conspiradores de Queretaro=15.0 | Leones de Yucatan=65.0 || B4 Ef: Conspiradores de Queretaro=15.0 | Leones de Yucatan=25.0 || P: Junior Guerra vs ? | FIP: 7.89/4.58 K/BB: 0.77/2.69 Forma: 3-7 (W1) / 5-5 (L1),fallido,51.20%,Conspiradores de Queretaro 11 - 5 Leones de Yucatan,Conspiradores de Queretaro,2026-06-04 05:38
846072,LMB,2026-06-04 20:35,Charros de Jalisco,Toros de Tijuana,Luis Payan,Adonis Medina,Toros de Tijuana,77.70%,N/D,NO,Medio,60.5,83.5,75.0,69.5,50.0,80.0,45.0,80.0,NO APOSTAR,BAJA,6.15,6.15,2.75,3.87,3.87,6.00,208.00,215.00,100,100,100,100,N/D,N/D,N/D,N/D,0,0,N/D,N/D,Fav: Toros de Tijuana (77.7%) || B1 Pit: Charros de Jalisco=60.5 | Toros de Tijuana=83.5 || B2 Of: Charros de Jalisco=75.0 | Toros de Tijuana=69.5 || B3 Bp: Charros de Jalisco=50.0 | Toros de Tijuana=80.0 || B4 Ef: Charros de Jalisco=45.0 | Toros de Tijuana=80.0 || P: Luis Payan vs Adonis Medina | FIP: 6.15/3.87 K/BB: 2.75/6.00 Forma: 7-3 (W1) / 6-4 (L1),pendiente,77.70%,-,-,2026-06-04 00:41
846258,LMB,2026-06-05 18:30,Conspiradores de Queretaro,Tigres de Quintana Roo,Tyler Alexander,?,Tigres de Quintana Roo,52.10%,N/D,NO,Alto,26.2,50.5,81.0,64.2,15.0,45.0,15.0,25.0,NO APOSTAR,BAJA,6.25,6.25,1.37,5.54,5.54,1.88,270.00,176.00,100,100,100,100,N/D,N/D,N/D,N/D,0,0,N/D,N/D,Fav: Tigres de Quintana Roo (52.1%) || B1 Pit: Conspiradores de Queretaro=26.2 | Tigres de Quintana Roo=50.5 || B2 Of: Conspiradores de Queretaro=81.0 | Tigres de Quintana Roo=64.2 || B3 Bp: Conspiradores de Queretaro=15.0 | Tigres de Quintana Roo=45.0 || B4 Ef: Conspiradores de Queretaro=15.0 | Tigres de Quintana Roo=25.0 || P: Tyler Alexander vs ? | FIP: 6.25/5.54 K/BB: 1.37/1.88 Forma: 4-6 (W2) / 7-3 (W4),pendiente,52.10%,-,-,2026-06-05 00:38
846537,LMB,2026-06-05 19:00,Leones de Yucatan,Piratas de Campeche,?,Jackson Tetreault,Leones de Yucatan,51.40%,N/D,NO,Medio,70.5,36.0,46.8,68.5,65.0,25.0,25.0,15.0,NO APOSTAR,BAJA,4.64,4.64,2.69,6.06,6.06,2.04,139.00,213.00,100,100,100,100,N/D,N/D,N/D,N/D,0,0,N/D,N/D,Fav: Leones de Yucatan (51.4%) || B1 Pit: Leones de Yucatan=70.5 | Piratas de Campeche=36.0 || B2 Of: Leones de Yucatan=46.8 | Piratas de Campeche=68.5 || B3 Bp: Leones de Yucatan=65.0 | Piratas de Campeche=25.0 || B4 Ef: Leones de Yucatan=25.0 | Piratas de Campeche=15.0 || P: ? vs Jackson Tetreault | FIP: 4.64/6.06 K/BB: 2.69/2.04 Forma: 5-5 (L2) / 3-7 (L2),pendiente,51.40%,-,-,2026-06-05 00:38
846445,LMB,2026-06-05 19:00,Olmecas de Tabasco,Diablos Rojos del Mexico,Jeremy Rhoades,Luis Angel Rodriguez,Olmecas de Tabasco,73.50%,N/D,NO,Medio,65.5,42.5,82.0,89.5,55.0,25.0,80.0,80.0,APRETA TRIGGER LOCAL,MEDIA,4.38,4.38,1.67,5.08,5.08,2.51,289.00,328.00,100,100,100,100,N/D,N/D,N/D,N/D,0,0,N/D,N/D,Fav: Olmecas de Tabasco (73.5%) || B1 Pit: Olmecas de Tabasco=65.5 | Diablos Rojos del Mexico=42.5 || B2 Of: Olmecas de Tabasco=82.0 | Diablos Rojos del Mexico=89.5 || B3 Bp: Olmecas de Tabasco=55.0 | Diablos Rojos del Mexico=25.0 || B4 Ef: Olmecas de Tabasco=80.0 | Diablos Rojos del Mexico=80.0 || P: Jeremy Rhoades vs Luis Angel Rodriguez | FIP: 4.38/5.08 K/BB: 1.67/2.51 Forma: 7-3 (W1) / 7-3 (W1),pendiente,73.50%,-,-,2026-06-05 00:38
846174,LMB,2026-06-05 19:00,El Aguila de Veracruz,Guerreros de Oaxaca,Jonathan Bermúdez,Luis Miranda,Guerreros de Oaxaca,48.90%,N/D,NO,Medio,44.0,44.8,61.8,76.5,35.0,35.0,15.0,70.0,APRETA TRIGGER LOCAL,MEDIA,5.58,5.58,1.90,5.86,5.86,2.08,172.00,266.00,100,100,100,100,N/D,N/D,N/D,N/D,0,0,N/D,N/D,Fav: Guerreros de Oaxaca (48.9%) || B1 Pit: El Aguila de Veracruz=44.0 | Guerreros de Oaxaca=44.8 || B2 Of: El Aguila de Veracruz=61.8 | Guerreros de Oaxaca=76.5 || B3 Bp: El Aguila de Veracruz=35.0 | Guerreros de Oaxaca=35.0 || B4 Ef: El Aguila de Veracruz=15.0 | Guerreros de Oaxaca=70.0 || P: Jonathan Bermúdez vs Luis Miranda | FIP: 5.58/5.86 K/BB: 1.90/2.08 Forma: 3-7 (W2) / 2-8 (L7),pendiente,48.90%,-,-,2026-06-05 00:38
846828,LMB,2026-06-05 19:30,Pericos de Puebla,Bravos de Leon,Vladimir Gutierrez,?,Pericos de Puebla,60.90%,N/D,NO,Medio,50.5,32.2,85.0,89.0,40.0,20.0,60.0,70.0,NO APOSTAR,BAJA,5.44,5.44,2.18,5.87,5.87,1.74,287.00,334.00,100,100,100,100,N/D,N/D,N/D,N/D,0,0,N/D,N/D,Fav: Pericos de Puebla (60.9%) || B1 Pit: Pericos de Puebla=50.5 | Bravos de Leon=32.2 || B2 Of: Pericos de Puebla=85.0 | Bravos de Leon=89.0 || B3 Bp: Pericos de Puebla=40.0 | Bravos de Leon=20.0 || B4 Ef: Pericos de Puebla=60.0 | Bravos de Leon=70.0 || P: Vladimir Gutierrez vs ? | FIP: 5.44/5.87 K/BB: 2.18/1.74 Forma: 4-6 (L1) / 6-4 (L1),pendiente,60.90%,-,-,2026-06-05 00:38
846312,LMB,2026-06-05 19:30,Acereros del Norte,Sultanes de Monterrey,A.J. Candelario,Daniel Cruz,Sultanes de Monterrey,64.40%,N/D,NO,Medio,57.0,65.0,72.0,71.0,45.0,60.0,70.0,70.0,NO APOSTAR,BAJA,7.09,7.09,1.00,5.14,5.14,3.40,239.00,211.00,100,100,100,100,N/D,N/D,N/D,N/D,0,0,N/D,N/D,Fav: Sultanes de Monterrey (64.4%) || B1 Pit: Acereros del Norte=57.0 | Sultanes de Monterrey=65.0 || B2 Of: Acereros del Norte=72.0 | Sultanes de Monterrey=71.0 || B3 Bp: Acereros del Norte=45.0 | Sultanes de Monterrey=60.0 || B4 Ef: Acereros del Norte=70.0 | Sultanes de Monterrey=70.0 || P: A.J. Candelario vs Daniel Cruz | FIP: 7.09/5.14 K/BB: 1.00/3.40 Forma: 5-5 (L2) / 5-5 (W2),pendiente,64.40%,-,-,2026-06-05 00:38
846631,LMB,2026-06-05 19:30,Dorados de Chihuahua,Saraperos de Saltillo,Caleb Smith,?,Saraperos de Saltillo,49.90%,N/D,NO,Medio,38.8,52.5,73.5,66.2,30.0,40.0,25.0,25.0,NO APOSTAR,BAJA,6.60,6.60,1.67,4.84,4.84,2.78,238.00,198.00,100,100,100,100,N/D,N/D,N/D,N/D,0,0,N/D,N/D,Fav: Saraperos de Saltillo (49.9%) || B1 Pit: Dorados de Chihuahua=38.8 | Saraperos de Saltillo=52.5 || B2 Of: Dorados de Chihuahua=73.5 | Saraperos de Saltillo=66.2 || B3 Bp: Dorados de Chihuahua=30.0 | Saraperos de Saltillo=40.0 || B4 Ef: Dorados de Chihuahua=25.0 | Saraperos de Saltillo=25.0 || P: Caleb Smith vs ? | FIP: 6.60/4.84 K/BB: 1.67/2.78 Forma: 5-5 (W2) / 3-7 (L3),pendiente,49.90%,-,-,2026-06-05 00:38
846722,LMB,2026-06-05 19:30,Caliente de Durango,Algodoneros Union Laguna,Devin Smeltzer,?,Caliente de Durango,62.40%,N/D,NO,Medio,56.0,41.0,73.5,68.5,45.0,30.0,60.0,25.0,NO APOSTAR,BAJA,5.19,5.19,5.33,5.53,5.53,1.88,223.00,238.00,100,100,100,100,N/D,N/D,N/D,N/D,0,0,N/D,N/D,Fav: Caliente de Durango (62.4%) || B1 Pit: Caliente de Durango=56.0 | Algodoneros Union Laguna=41.0 || B2 Of: Caliente de Durango=73.5 | Algodoneros Union Laguna=68.5 || B3 Bp: Caliente de Durango=45.0 | Algodoneros Union Laguna=30.0 || B4 Ef: Caliente de Durango=60.0 | Algodoneros Union Laguna=25.0 || P: Devin Smeltzer vs ? | FIP: 5.19/5.53 K/BB: 5.33/1.88 Forma: 6-4 (L2) / 5-5 (W2),pendiente,62.40%,-,-,2026-06-05 00:38
846488,LMB,2026-06-05 19:30,Charros de Jalisco,Rieleros de Aguascalientes,?,?,Charros de Jalisco,61.60%,N/D,NO,Medio,60.5,34.5,72.5,75.5,50.0,20.0,45.0,25.0,NO APOSTAR,BAJA,4.93,4.93,2.78,5.41,5.41,1.98,211.00,255.00,100,100,100,100,N/D,N/D,N/D,N/D,0,0,N/D,N/D,Fav: Charros de Jalisco (61.6%) || B1 Pit: Charros de Jalisco=60.5 | Rieleros de Aguascalientes=34.5 || B2 Of: Charros de Jalisco=72.5 | Rieleros de Aguascalientes=75.5 || B3 Bp: Charros de Jalisco=50.0 | Rieleros de Aguascalientes=20.0 || B4 Ef: Charros de Jalisco=45.0 | Rieleros de Aguascalientes=25.0 || P: ? vs ? | FIP: 4.93/5.41 K/BB: 2.78/1.98 Forma: 7-3 (L1) / 4-6 (L2),pendiente,61.60%,-,-,2026-06-05 00:38
846075,LMB,2026-06-05 20:35,Tecos de los Dos Laredos,Toros de Tijuana,Cam Alldred,Daniel Martinez,Toros de Tijuana,65.90%,N/D,NO,Medio,65.0,80.5,67.2,72.0,60.0,75.0,45.0,80.0,APRETA TRIGGER LOCAL,MEDIA,9.49,9.49,2.75,4.65,4.65,1.43,207.00,222.00,100,100,100,100,N/D,N/D,N/D,N/D,0,0,N/D,N/D,Fav: Toros de Tijuana (65.9%) || B1 Pit: Tecos de los Dos Laredos=65.0 | Toros de Tijuana=80.5 || B2 Of: Tecos de los Dos Laredos=67.2 | Toros de Tijuana=72.0 || B3 Bp: Tecos de los Dos Laredos=60.0 | Toros de Tijuana=75.0 || B4 Ef: Tecos de los Dos Laredos=45.0 | Toros de Tijuana=80.0 || P: Cam Alldred vs Daniel Martinez | FIP: 9.49/4.65 K/BB: 2.75/1.43 Forma: 3-7 (W2) / 6-4 (W1),pendiente,65.90%,-,-,2026-06-05 00:38
823943,MLB,2026-06-05,Los Angeles Angels,Los Angeles Dodgers,TBD,Roki Sasaki,Los Angeles Dodgers,66.74%,N/D,NO,Abridor visitante pocas IP (sin datos) | Bullpen visitante fatigado (B-Ref 72h) | Bullpen local fatigado (B-Ref 72h),44.7,48.1,41.4,67.7,20.2,43.5,57.4,71.5,APRETA TRIGGER LOCAL,MEDIA,4.50,4.50,12.0%,4.36,4.22,14.4%,99,121,100,100,100,100,R,R,0.49,3.36,105,157,-2.2,-6.5,Favorito: Los Angeles Dodgers (66.7%) [MEDIA] || Score_Pitcheo: Los Angeles Angels=35.0 | Los Angeles Dodgers=40.2 (diff=5.2) || Pitcheo: Los Angeles Angels FIP=4.50/xFIP=4.50 | Los Angeles Dodgers FIP=4.36/xFIP=4.22 || wRC+: Los Angeles Angels=99 | Los Angeles Dodgers=121 (diff=22) || PF=100 | Bullpen WAR: Los Angeles Angels=0.49 Los Angeles Dodgers=3.36 | Fatiga(72h): Los Angeles Angels=105 Los Angeles Dodgers=157 || Riesgo: Abridor visitante pocas IP (sin datos) | Bullpen visitante fatigado (B-Ref 72h) | Bullpen local fatigado (B-Ref 72h),pendiente,66.74%,—,—,2026-06-05 14:14
824914,MLB,2026-06-05,Pittsburgh Pirates,Atlanta Braves,Mitch Keller,Martín Pérez,Atlanta Braves,57.74%,N/D,NO,Bullpen visitante fatigado (B-Ref 72h) | Bullpen local fatigado (B-Ref 72h),50.0,85.4,52.7,69.0,31.0,42.4,54.3,55.1,APRETA TRIGGER LOCAL,MEDIA,4.13,4.00,10.8%,2.65,2.57,11.0%,108,116,100,100,100,100,R,L,1.82,3.22,157,157,-1.3,-1.5,Favorito: Atlanta Braves (57.7%) [MEDIA] || Score_Pitcheo: Pittsburgh Pirates=33.5 | Atlanta Braves=36.8 (diff=3.3) || Pitcheo: Pittsburgh Pirates FIP=4.13/xFIP=4.00 | Atlanta Braves FIP=2.65/xFIP=2.57 || wRC+: Pittsburgh Pirates=108 | Atlanta Braves=116 (diff=8) || PF=99 | Bullpen WAR: Pittsburgh Pirates=1.82 Atlanta Braves=3.22 | Fatiga(72h): Pittsburgh Pirates=157 Atlanta Braves=157 || Riesgo: Bullpen visitante fatigado (B-Ref 72h) | Bullpen local fatigado (B-Ref 72h),pendiente,57.74%,—,—,2026-06-05 14:14
823860,MLB,2026-06-05,Tampa Bay Rays,Miami Marlins,Drew Rasmussen,Ryan Gusto,Tampa Bay Rays,57.41%,N/D,NO,Abridor local pocas IP (3 IP) | Bullpen visitante fatigado (B-Ref 72h) | Bullpen local fatigado (B-Ref 72h),79.0,30.0,38.5,38.5,27.3,29.3,30.2,51.5,NO APOSTAR,BAJA,3.19,3.09,17.3%,8.55,8.28,31.6%,101,101,100,100,100,100,R,R,1.36,1.61,105,105,5.9,-0.5,Favorito: Tampa Bay Rays (57.4%) [BAJA] || Score_Pitcheo: Tampa Bay Rays=48.3 | Miami Marlins=66.4 (diff=18.1) || Pitcheo: Tampa Bay Rays FIP=3.19/xFIP=3.09 | Miami Marlins FIP=8.55/xFIP=8.28 || wRC+: Tampa Bay Rays=101 | Miami Marlins=101 (diff=0) || PF=96 | Bullpen WAR: Tampa Bay Rays=1.36 Miami Marlins=1.61 | Fatiga(72h): Tampa Bay Rays=105 Miami Marlins=105 || Riesgo: Abridor local pocas IP (3 IP) | Bullpen visitante fatigado (B-Ref 72h) | Bullpen local fatigado (B-Ref 72h),pendiente,57.41%,—,—,2026-06-05 14:14
824673,MLB,2026-06-05,San Francisco Giants,Chicago Cubs,Robbie Ray,Edward Cabrera,Chicago Cubs,57.17%,N/D,NO,Bullpen visitante fatigado (B-Ref 72h) | Bullpen local fatigado (B-Ref 72h),45.3,56.7,48.5,67.8,13.7,18.0,48.5,51.6,APRETA TRIGGER LOCAL,MEDIA,4.23,4.09,10.6%,3.80,3.68,11.8%,104,110,100,100,100,100,L,R,-0.32,0.21,157,172,0.5,-0.5,Favorito: Chicago Cubs (57.2%) [MEDIA] || Score_Pitcheo: San Francisco Giants=32.9 | Chicago Cubs=36.1 (diff=3.2) || Pitcheo: San Francisco Giants FIP=4.23/xFIP=4.09 | Chicago Cubs FIP=3.80/xFIP=3.68 || wRC+: San Francisco Giants=104 | Chicago Cubs=110 (diff=6) || PF=97 | Bullpen WAR: San Francisco Giants=-0.32 Chicago Cubs=0.21 | Fatiga(72h): San Francisco Giants=157 Chicago Cubs=172 || Riesgo: Bullpen visitante fatigado (B-Ref 72h) | Bullpen local fatigado (B-Ref 72h),pendiente,57.17%,—,—,2026-06-05 14:14
823455,MLB,2026-06-05,Chicago White Sox,Philadelphia Phillies,Anthony Kay,Jesús Luzardo,Chicago White Sox,56.95%,N/D,NO,Bullpen visitante fatigado (B-Ref 72h) | Bullpen local fatigado (B-Ref 72h) | ⚠️ Señal débil (57.0% < 57.0%),59.7,61.2,50.0,22.6,35.6,49.5,47.3,34.4,NO APOSTAR,BAJA,3.58,3.47,7.4%,4.08,3.96,20.9%,105,85,100,100,100,100,L,L,2.38,4.09,105,157,0.8,4.7,Favorito: Chicago White Sox (57.0%) [BAJA] || Score_Pitcheo: Chicago White Sox=27.8 | Philadelphia Phillies=53.8 (diff=26.0) || Pitcheo: Chicago White Sox FIP=3.58/xFIP=3.47 | Philadelphia Phillies FIP=4.08/xFIP=3.96 || wRC+: Chicago White Sox=105 | Philadelphia Phillies=85 (diff=20) || PF=100 | Bullpen WAR: Chicago White Sox=2.38 Philadelphia Phillies=4.09 | Fatiga(72h): Chicago White Sox=105 Philadelphia Phillies=157 || Riesgo: Bullpen visitante fatigado (B-Ref 72h) | Bullpen local fatigado (B-Ref 72h) | ⚠️ Señal débil (57.0% < 57.0%),pendiente,56.95%,—,—,2026-06-05 14:14
823049,MLB,2026-06-05,Cincinnati Reds,St. Louis Cardinals,Brady Singer,Kyle Leahy,St. Louis Cardinals,56.28%,N/D,NO,Bullpen visitante fatigado (B-Ref 72h) | Bullpen local fatigado (B-Ref 72h) | ⚠️ Señal débil (56.3% < 57.0%),17.0,51.7,39.7,44.3,29.0,26.7,33.8,38.8,APRETA TRIGGER LOCAL,MEDIA,5.87,5.69,9.3%,4.04,3.91,10.3%,94,102,100,100,100,100,R,R,1.57,1.29,120,105,4.9,3.4,Favorito: St. Louis Cardinals (56.3%) [MEDIA] || Score_Pitcheo: Cincinnati Reds=27.0 | St. Louis Cardinals=32.7 (diff=5.6) || Pitcheo: Cincinnati Reds FIP=5.87/xFIP=5.69 | St. Louis Cardinals FIP=4.04/xFIP=3.91 || wRC+: Cincinnati Reds=94 | St. Louis Cardinals=102 (diff=8) || PF=104 | Bullpen WAR: Cincinnati Reds=1.57 St. Louis Cardinals=1.29 | Fatiga(72h): Cincinnati Reds=120 St. Louis Cardinals=105 || Riesgo: Bullpen visitante fatigado (B-Ref 72h) | Bullpen local fatigado (B-Ref 72h) | ⚠️ Señal débil (56.3% < 57.0%),pendiente,56.28%,—,—,2026-06-05 14:14
824186,MLB,2026-06-05,Athletics,Houston Astros,Jack Perkins,Peter Lambert,Houston Astros,55.99%,N/D,NO,Bullpen visitante fatigado (B-Ref 72h) | Bullpen local fatigado (B-Ref 72h) | ⚠️ Señal débil (56.0% < 57.0%),36.0,63.8,34.4,48.6,37.3,18.5,41.3,49.9,NO APOSTAR,BAJA,5.19,5.02,22.0%,3.58,3.47,11.5%,95,104,100,100,100,100,R,R,2.59,0.28,172,157,2.6,0.0,Favorito: Houston Astros (56.0%) [BAJA] || Score_Pitcheo: Athletics=53.8 | Houston Astros=36.0 (diff=17.8) || Pitcheo: Athletics FIP=5.19/xFIP=5.02 | Houston Astros FIP=3.58/xFIP=3.47 || wRC+: Athletics=95 | Houston Astros=104 (diff=9) || PF=99 | Bullpen WAR: Athletics=2.59 Houston Astros=0.28 | Fatiga(72h): Athletics=172 Houston Astros=157 || Riesgo: Bullpen visitante fatigado (B-Ref 72h) | Bullpen local fatigado (B-Ref 72h) | ⚠️ Señal débil (56.0% < 57.0%),pendiente,55.99%,—,—,2026-06-05 14:14
825073,MLB,2026-06-05,Washington Nationals,Arizona Diamondbacks,Foster Griffin,Merrill Kelly,Washington Nationals,55.61%,N/D,NO,Bullpen visitante fatigado (B-Ref 72h) | Bullpen local fatigado (B-Ref 72h) | ⚠️ Señal débil (55.6% < 57.0%),68.2,27.9,52.7,45.4,20.8,31.9,48.5,44.8,APRETA TRIGGER VISITANTE,MEDIA,3.57,3.46,15.6%,4.81,4.66,4.9%,108,96,100,100,100,100,L,R,0.56,1.92,105,157,0.4,1.6,Favorito: Washington Nationals (55.6%) [MEDIA] || Score_Pitcheo: Washington Nationals=44.2 | Arizona Diamondbacks=20.3 (diff=23.8) || Pitcheo: Washington Nationals FIP=3.57/xFIP=3.46 | Arizona Diamondbacks FIP=4.81/xFIP=4.66 || wRC+: Washington Nationals=108 | Arizona Diamondbacks=96 (diff=12) || PF=99 | Bullpen WAR: Washington Nationals=0.56 Arizona Diamondbacks=1.92 | Fatiga(72h): Washington Nationals=105 Arizona Diamondbacks=157 || Riesgo: Bullpen visitante fatigado (B-Ref 72h) | Bullpen local fatigado (B-Ref 72h) | ⚠️ Señal débil (55.6% < 57.0%),pendiente,55.61%,—,—,2026-06-05 14:14
823538,MLB,2026-06-05,Boston Red Sox,New York Yankees,Sonny Gray,Ryan Weathers,New York Yankees,54.76%,N/D,NO,Bullpen visitante fatigado (B-Ref 72h) | Bullpen local fatigado (B-Ref 72h) | ⚠️ Señal débil (54.8% < 57.0%),81.2,78.8,47.1,60.0,21.9,44.1,62.5,64.7,APRETA TRIGGER LOCAL,MEDIA,2.91,2.82,12.8%,3.34,3.24,20.8%,99,112,100,100,100,100,R,L,0.70,3.43,157,157,-3.8,-4.4,Favorito: New York Yankees (54.8%) [MEDIA] || Score_Pitcheo: Boston Red Sox=39.9 | New York Yankees=55.0 (diff=15.2) || Pitcheo: Boston Red Sox FIP=2.91/xFIP=2.82 | New York Yankees FIP=3.34/xFIP=3.24 || wRC+: Boston Red Sox=99 | New York Yankees=112 (diff=13) || PF=104 | Bullpen WAR: Boston Red Sox=0.70 New York Yankees=3.43 | Fatiga(72h): Boston Red Sox=157 New York Yankees=157 || Riesgo: Bullpen visitante fatigado (B-Ref 72h) | Bullpen local fatigado (B-Ref 72h) | ⚠️ Señal débil (54.8% < 57.0%),pendiente,54.76%,—,—,2026-06-05 14:14
824271,MLB,2026-06-05,Seattle Mariners,Detroit Tigers,Bryan Woo,Framber Valdez,Seattle Mariners,54.23%,N/D,NO,Bullpen visitante fatigado (B-Ref 72h) | Bullpen local fatigado (B-Ref 72h) | ⚠️ Señal débil (54.2% < 57.0%),78.0,48.3,42.5,35.7,36.2,41.8,57.5,61.6,APRETA TRIGGER VISITANTE,MEDIA,3.27,3.16,18.1%,4.17,4.04,10.1%,105,95,100,100,100,100,R,L,2.45,3.15,105,105,-2.2,-3.5,Favorito: Seattle Mariners (54.2%) [MEDIA] || Score_Pitcheo: Seattle Mariners=49.8 | Detroit Tigers=32.0 (diff=17.8) || Pitcheo: Seattle Mariners FIP=3.27/xFIP=3.16 | Detroit Tigers FIP=4.17/xFIP=4.04 || wRC+: Seattle Mariners=105 | Detroit Tigers=95 (diff=10) || PF=95 | Bullpen WAR: Seattle Mariners=2.45 Detroit Tigers=3.15 | Fatiga(72h): Seattle Mariners=105 Detroit Tigers=105 || Riesgo: Bullpen visitante fatigado (B-Ref 72h) | Bullpen local fatigado (B-Ref 72h) | ⚠️ Señal débil (54.2% < 57.0%),pendiente,54.23%,—,—,2026-06-05 14:14
823293,MLB,2026-06-05,New York Mets,San Diego Padres,Christian Scott,Michael King,New York Mets,52.91%,N/D,NO,Bullpen visitante fatigado (B-Ref 72h) | Bullpen local fatigado (B-Ref 72h) | ⚠️ Señal débil (52.9% < 57.0%),87.7,78.2,17.8,15.2,30.2,33.9,58.1,40.8,APRETA TRIGGER VISITANTE,MEDIA,2.82,2.73,17.2%,3.02,2.93,12.5%,85,84,100,100,100,100,R,R,1.72,2.17,105,157,-2.4,2.8,Favorito: New York Mets (52.9%) [MEDIA] || Score_Pitcheo: New York Mets=48.8 | San Diego Padres=39.1 (diff=9.8) || Pitcheo: New York Mets FIP=2.82/xFIP=2.73 | San Diego Padres FIP=3.02/xFIP=2.93 || wRC+: New York Mets=85 | San Diego Padres=84 (diff=1) || PF=97 | Bullpen WAR: New York Mets=1.72 San Diego Padres=2.17 | Fatiga(72h): New York Mets=105 San Diego Padres=157 || Riesgo: Bullpen visitante fatigado (B-Ref 72h) | Bullpen local fatigado (B-Ref 72h) | ⚠️ Señal débil (52.9% < 57.0%),pendiente,52.91%,—,—,2026-06-05 14:14
823699,MLB,2026-06-05,Kansas City Royals,Minnesota Twins,Michael Wacha,Zebby Matthews,Kansas City Royals,51.82%,N/D,NO,Bullpen visitante fatigado (B-Ref 72h) | Bullpen local fatigado (B-Ref 72h) | ⚠️ Señal débil (51.8% < 57.0%),76.8,53.1,34.4,37.1,26.5,29.3,53.1,51.0,NO APOSTAR,BAJA,3.07,2.97,12.2%,4.40,4.26,20.3%,95,95,100,100,100,100,R,R,1.26,1.61,172,157,-0.9,-0.3,Favorito: Kansas City Royals (51.8%) [BAJA] || Score_Pitcheo: Kansas City Royals=38.4 | Minnesota Twins=51.9 (diff=13.6) || Pitcheo: Kansas City Royals FIP=3.07/xFIP=2.97 | Minnesota Twins FIP=4.40/xFIP=4.26 || wRC+: Kansas City Royals=95 | Minnesota Twins=95 (diff=0) || PF=99 | Bullpen WAR: Kansas City Royals=1.26 Minnesota Twins=1.61 | Fatiga(72h): Kansas City Royals=172 Minnesota Twins=157 || Riesgo: Bullpen visitante fatigado (B-Ref 72h) | Bullpen local fatigado (B-Ref 72h) | ⚠️ Señal débil (51.8% < 57.0%),pendiente,51.82%,—,—,2026-06-05 14:14
822892,MLB,2026-06-05,Cleveland Guardians,Texas Rangers,Parker Messick,Kumar Rocker,Texas Rangers,51.74%,N/D,NO,Bullpen visitante fatigado (B-Ref 72h) | Bullpen local fatigado (B-Ref 72h) | ⚠️ Señal débil (51.7% < 57.0%),93.1,65.5,33.0,53.0,41.0,26.5,39.1,57.1,NO APOSTAR,BAJA,2.10,2.03,18.1%,3.36,3.26,8.0%,95,104,100,100,100,100,L,R,3.04,1.26,157,105,3.3,-2.1,Favorito: Texas Rangers (51.7%) [BAJA] || Score_Pitcheo: Cleveland Guardians=52.1 | Texas Rangers=29.4 (diff=22.7) || Pitcheo: Cleveland Guardians FIP=2.10/xFIP=2.03 | Texas Rangers FIP=3.36/xFIP=3.26 || wRC+: Cleveland Guardians=95 | Texas Rangers=104 (diff=9) || PF=98 | Bullpen WAR: Cleveland Guardians=3.04 Texas Rangers=1.26 | Fatiga(72h): Cleveland Guardians=157 Texas Rangers=105 || Riesgo: Bullpen visitante fatigado (B-Ref 72h) | Bullpen local fatigado (B-Ref 72h) | ⚠️ Señal débil (51.7% < 57.0%),pendiente,51.74%,—,—,2026-06-05 14:14
824350,MLB,2026-06-05,Milwaukee Brewers,Colorado Rockies,Brandon Sproat,Ryan Feltner,Colorado Rockies,51.74%,N/D,NO,Bullpen visitante fatigado (B-Ref 72h) | Bullpen local fatigado (B-Ref 72h) | ⚠️ Señal débil (51.7% < 57.0%),19.2,37.8,37.2,45.3,43.5,24.5,60.4,47.7,APRETA TRIGGER VISITANTE,MEDIA,5.93,5.74,12.0%,4.61,4.46,10.0%,98,90,100,100,100,100,R,R,3.36,1.01,157,105,-3.1,0.7,Favorito: Colorado Rockies (51.7%) [MEDIA] || Score_Pitcheo: Milwaukee Brewers=32.3 | Colorado Rockies=30.9 (diff=1.4) || Pitcheo: Milwaukee Brewers FIP=5.93/xFIP=5.74 | Colorado Rockies FIP=4.61/xFIP=4.46 || wRC+: Milwaukee Brewers=98 | Colorado Rockies=90 (diff=8) || PF=98 | Bullpen WAR: Milwaukee Brewers=3.36 Colorado Rockies=1.01 | Fatiga(72h): Milwaukee Brewers=157 Colorado Rockies=105 || Riesgo: Bullpen visitante fatigado (B-Ref 72h) | Bullpen local fatigado (B-Ref 72h) | ⚠️ Señal débil (51.7% < 57.0%),pendiente,51.74%,—,—,2026-06-05 14:14
822810,MLB,2026-06-05,Baltimore Orioles,Toronto Blue Jays,Brandon Young,Trey Yesavage,Toronto Blue Jays,50.06%,N/D,NO,Bullpen visitante fatigado (B-Ref 72h) | Bullpen local fatigado (B-Ref 72h) | ⚠️ Señal débil (50.1% < 57.0%),70.7,89.1,48.6,32.4,22.2,39.9,42.4,52.2,NO APOSTAR,BAJA,3.18,3.08,8.8%,2.08,2.01,14.1%,103,90,100,100,100,100,R,R,0.73,2.91,157,157,2.3,-0.6,Favorito: Toronto Blue Jays (50.1%) [BAJA] || Score_Pitcheo: Baltimore Orioles=31.3 | Toronto Blue Jays=44.1 (diff=12.8) || Pitcheo: Baltimore Orioles FIP=3.18/xFIP=3.08 | Toronto Blue Jays FIP=2.08/xFIP=2.01 || wRC+: Baltimore Orioles=103 | Toronto Blue Jays=90 (diff=13) || PF=101 | Bullpen WAR: Baltimore Orioles=0.73 Toronto Blue Jays=2.91 | Fatiga(72h): Baltimore Orioles=157 Toronto Blue Jays=157 || Riesgo: Bullpen visitante fatigado (B-Ref 72h) | Bullpen local fatigado (B-Ref 72h) | ⚠️ Señal débil (50.1% < 57.0%),pendiente,50.06%,—,—,2026-06-05 14:14
