equipo,xg_por_90,xga_por_90,goles_reales_90,partidos,ppda,final_third_por_90,tiros_totales_por_90,tiros_puerta_por_90,xg_last5,xga_last5,ppda_last5,liga,centros_por_juego,tiros_por_juego,bloqueos_por_juego,despejes_por_juego
Brentford,1.29,1.31,1.64,11,11.64,6.32,13.55,5.09,"[1.3, 1.42, 0.96, 1.01, 0.98]","[1.01, 0.76, 1.18, 1.08, 1.45]","[9.96, 9.33, 7.67, 14.78, 12.22]",PREMIER_LEAGUE,15.2,12.4,3.1,18.5
Arsenal,1.18,0.76,1.64,11,10.33,9.18,13.55,4.18,"[1.15, 1.24, 0.77, 1.57, 1.08]","[0.54, 0.49, 0.54, 1.22, 0.64]","[14.89, 14.5, 6.0, 12.44, 9.89]",PREMIER_LEAGUE,15.2,12.4,3.1,18.5
Tottenham Hotspur,1.21,1.32,1.4,10,15.0,0.0,12.9,4.7,"[1.94, 1.22, 1.27, 1.08, 1.08]","[1.52, 1.45, 1.2, 1.81, 1.13]","[15.0, 15.0, 15.0, 15.0, 15.0]",PREMIER_LEAGUE,15.2,12.4,3.1,18.5
Newcastle United,1.04,1.3,1.67,9,10.7,7.21,11.11,4.0,"[1.03, 0.27, 1.25, 0.15, 0.81]","[1.23, 1.39, 1.45, 0.96, 0.69]","[8.82, 21.36, 8.14, 11.41, 12.76]",PREMIER_LEAGUE,15.2,12.4,3.1,18.5
AFC Bournemouth,1.49,1.27,1.9,10,15.0,0.0,15.0,6.2,"[1.54, 0.76, 1.55, 1.81, 1.45]","[1.03, 1.25, 1.03, 1.08, 0.98]","[15.0, 15.0, 15.0, 15.0, 15.0]",PREMIER_LEAGUE,15.2,12.4,3.1,18.5
Everton,1.04,1.06,1.55,11,14.57,5.55,10.55,4.27,"[1.27, 1.41, 1.18, 1.08, 1.25]","[1.57, 0.81, 0.96, 0.91, 1.1]","[11.94, 16.47, 16.21, 14.5, 7.79]",PREMIER_LEAGUE,15.2,12.4,3.1,18.5
Aston Villa,1.09,1.11,1.3,10,13.05,7.71,12.0,4.1,"[1.97, 0.93, 1.32, 0.54, 1.08]","[0.56, 1.21, 1.59, 1.67, 1.01]","[8.89, 9.5, 7.88, 13.11, 20.7]",PREMIER_LEAGUE,15.2,12.4,3.1,18.5
Leicester City,0.69,1.18,0.33,9,15.0,0.0,7.89,2.44,"[0.57, 0.54, 0.76, 0.0, 0.51]","[1.49, 1.15, 1.42, 0.0, 1.84]","[15.0, 15.0, 15.0, 15.0, 15.0]",PREMIER_LEAGUE,15.2,12.4,3.1,18.5
Crystal Palace,1.21,0.9,1.78,9,14.98,6.97,12.78,4.78,"[0.0, 1.57, 1.1, 1.67, 1.43]","[0.0, 1.27, 0.5, 0.54, 1.71]","[9.9, 6.38, 28.08, 31.56, 17.75]",PREMIER_LEAGUE,15.2,12.4,3.1,18.5
Chelsea,1.42,1.05,1.5,10,10.62,7.18,16.2,5.1,"[0.4, 1.59, 2.15, 1.84, 0.64]","[1.25, 1.32, 0.59, 0.51, 1.08]","[22.21, 8.04, 9.12, 11.72, 17.27]",PREMIER_LEAGUE,15.2,12.4,3.1,18.5
Manchester City,1.26,0.96,2.3,10,11.55,10.76,12.3,5.4,"[1.39, 1.4, 1.2, 1.06, 0.0]","[0.27, 0.88, 1.27, 0.93, 0.0]","[6.47, 7.28, 7.83, 21.91, 16.2]",PREMIER_LEAGUE,15.2,12.4,3.1,18.5
West Ham United,0.8,1.17,1.0,10,15.0,0.0,9.3,2.8,"[1.01, 0.49, 0.0, 0.69, 1.1]","[1.3, 1.24, 0.0, 0.81, 1.25]","[15.0, 15.0, 15.0, 15.0, 15.0]",PREMIER_LEAGUE,15.2,12.4,3.1,18.5
Southampton,0.86,1.81,0.9,10,15.0,0.0,9.2,3.3,"[1.03, 0.42, 0.59, 0.78, 0.86]","[1.54, 2.34, 2.15, 2.24, 0.61]","[15.0, 15.0, 15.0, 15.0, 15.0]",PREMIER_LEAGUE,15.2,12.4,3.1,18.5
Brighton & Hove Albion,1.04,0.69,1.9,10,15.0,0.0,10.5,4.3,"[1.25, 2.34, 1.03, 0.93, 0.0]","[0.4, 0.42, 1.55, 0.42, 0.0]","[15.0, 15.0, 15.0, 15.0, 15.0]",PREMIER_LEAGUE,15.2,12.4,3.1,18.5
Fulham,1.16,0.88,1.5,10,13.32,7.76,14.1,3.8,"[2.4, 0.5, 1.15, 0.42, 1.13]","[0.64, 1.1, 1.5, 0.93, 1.08]","[9.28, 13.68, 11.83, 6.74, 11.44]",PREMIER_LEAGUE,15.2,12.4,3.1,18.5
Ipswich Town,0.99,1.39,1.0,10,15.0,0.0,9.7,4.2,"[0.56, 1.45, 0.96, 1.71, 1.03]","[1.97, 1.22, 1.22, 1.43, 1.27]","[15.0, 15.0, 15.0, 15.0, 15.0]",PREMIER_LEAGUE,15.2,12.4,3.1,18.5
Liverpool,1.52,0.91,2.18,11,10.54,9.82,17.73,5.27,"[0.86, 1.21, 0.88, 0.96, 2.24]","[1.28, 0.93, 1.4, 0.15, 0.78]","[15.24, 9.7, 12.28, 14.29, 11.71]",PREMIER_LEAGUE,15.2,12.4,3.1,18.5
Manchester United,1.01,1.14,1.44,9,11.43,7.5,10.56,4.0,"[0.0, 1.52, 0.81, 1.22, 1.22]","[0.0, 1.94, 1.41, 0.96, 1.57]","[13.0, 12.39, 12.76, 10.04, 15.71]",PREMIER_LEAGUE,15.2,12.4,3.1,18.5
Wolverhampton Wanderers,1.13,1.05,0.9,10,14.1,4.53,11.5,4.6,"[1.28, 1.25, 1.5, 0.91, 0.61]","[0.86, 0.76, 1.15, 1.08, 0.86]","[13.5, 8.12, 25.57, 12.44, 13.67]",PREMIER_LEAGUE,15.2,12.4,3.1,18.5
Nottingham Forest,1.09,1.4,2.3,10,14.89,5.53,11.4,4.3,"[0.64, 1.45, 0.54, 0.93, 1.27]","[2.4, 1.25, 0.77, 1.06, 1.03]","[10.65, 23.12, 17.0, 13.83, 17.92]",PREMIER_LEAGUE,15.2,12.4,3.1,18.5
Valencia,0.79,0.99,1.36,11,13.21,4.97,9.64,2.55,"[0.96, 1.14, 0.0, 1.33, 0.84]","[1.13, 0.91, 0.0, 1.03, 1.18]","[9.08, 12.24, 10.05, 13.85, 20.27]",LA_LIGA,14.8,11.9,3.4,19.2
Real Madrid,1.6,1.01,1.8,10,11.38,10.03,17.4,6.1,"[1.57, 1.7, 0.69, 1.1, 1.05]","[1.03, 0.54, 1.26, 1.72, 2.35]","[6.11, 29.08, 12.22, 7.73, 12.2]",LA_LIGA,14.8,11.9,3.4,19.2
Rayo Vallecano,1.33,1.08,1.1,10,8.87,4.87,14.1,5.2,"[0.93, 1.1, 1.96, 1.72, 1.1]","[1.3, 1.1, 1.1, 1.1, 0.88]","[3.59, 7.68, 6.38, 9.44, 6.81]",LA_LIGA,14.8,11.9,3.4,19.2
Celta Vigo,0.95,0.97,1.4,10,14.51,6.92,9.8,3.8,"[1.03, 1.2, 1.22, 0.83, 0.62]","[0.81, 1.02, 1.17, 1.32, 0.49]","[11.21, 20.07, 15.62, 10.0, 12.45]",LA_LIGA,14.8,11.9,3.4,19.2
Alavés,0.95,0.86,1.1,10,15.0,0.0,10.2,3.7,"[1.64, 1.35, 1.79, 0.61, 0.81]","[0.76, 0.69, 1.23, 1.44, 1.54]","[15.0, 15.0, 15.0, 15.0, 15.0]",LA_LIGA,14.8,11.9,3.4,19.2
Girona,0.91,1.26,1.0,10,15.1,6.13,9.8,3.5,"[1.18, 0.54, 1.17, 1.38, 1.18]","[1.22, 1.7, 1.22, 0.83, 0.84]","[17.45, 18.69, 9.88, 13.68, 7.5]",LA_LIGA,14.8,11.9,3.4,19.2
Real Valladolid,0.87,1.4,0.64,11,15.0,0.0,9.82,3.18,"[0.61, 1.99, 1.03, 0.49, 1.2]","[3.37, 0.56, 1.33, 0.62, 0.84]","[15.0, 15.0, 15.0, 15.0, 15.0]",LA_LIGA,14.8,11.9,3.4,19.2
Real Betis,1.28,0.9,1.7,10,15.74,6.89,14.1,4.8,"[2.16, 1.37, 1.26, 1.42, 1.77]","[0.37, 0.98, 0.69, 0.52, 0.98]","[9.89, 25.44, 11.39, 19.48, 14.67]",LA_LIGA,14.8,11.9,3.4,19.2
Espanyol,0.69,1.37,1.1,10,13.13,4.5,8.0,2.4,"[1.08, 0.69, 0.83, 0.1, 0.52]","[1.18, 1.35, 1.38, 1.84, 0.89]","[22.37, 9.62, 6.35, 20.6, 12.55]",LA_LIGA,14.8,11.9,3.4,19.2
Leganés,0.83,1.32,0.9,10,15.0,0.0,8.9,3.2,"[0.76, 0.64, 0.42, 1.32, 0.98]","[1.64, 1.2, 0.45, 0.83, 1.77]","[15.0, 15.0, 15.0, 15.0, 15.0]",LA_LIGA,14.8,11.9,3.4,19.2
Sevilla,1.19,0.83,1.2,10,9.62,5.29,13.5,4.3,"[1.27, 1.43, 1.1, 0.93, 1.03]","[0.59, 0.89, 1.96, 0.59, 0.93]","[9.58, 3.31, 18.0, 9.25, 8.89]",LA_LIGA,14.8,11.9,3.4,19.2
Las Palmas,1.03,1.4,0.9,10,15.0,0.0,11.2,3.9,"[0.93, 0.74, 0.56, 0.52, 1.54]","[1.3, 1.35, 1.99, 1.42, 0.81]","[15.0, 15.0, 15.0, 15.0, 15.0]",LA_LIGA,14.8,11.9,3.4,19.2
Getafe,0.85,1.07,1.4,10,11.51,2.87,9.3,3.2,"[1.22, 0.98, 0.45, 0.91, 0.83]","[1.18, 1.37, 0.42, 0.44, 1.08]","[5.12, 6.36, 11.96, 15.38, 5.35]",LA_LIGA,14.8,11.9,3.4,19.2
Atlético Madrid,1.02,0.98,1.27,11,15.0,0.0,11.91,3.55,"[0.91, 1.08, 0.44, 0.59, 0.89]","[1.14, 1.11, 0.91, 1.37, 0.52]","[15.0, 15.0, 15.0, 15.0, 15.0]",LA_LIGA,14.8,11.9,3.4,19.2
Osasuna,0.84,1.03,1.0,10,13.2,5.05,10.9,2.5,"[1.03, 1.02, 0.0, 1.08, 0.2]","[1.57, 1.2, 0.0, 0.83, 1.55]","[23.57, 25.33, 8.52, 7.94, 6.5]",LA_LIGA,14.8,11.9,3.4,19.2
Real Sociedad,0.7,1.16,1.0,11,9.85,6.03,8.09,2.45,"[1.2, 0.0, 0.59, 0.88, 0.84]","[0.64, 2.85, 0.93, 1.1, 1.2]","[11.65, 8.74, 9.9, 7.29, 8.35]",LA_LIGA,14.8,11.9,3.4,19.2
Villarreal,1.4,1.02,1.67,9,16.38,7.61,15.67,5.11,"[0.93, 1.13, 1.1, 1.44, 2.35]","[1.48, 0.96, 1.1, 0.61, 1.05]","[10.28, 21.08, 10.89, 12.55, 31.33]",LA_LIGA,14.8,11.9,3.4,19.2
Barcelona,1.64,0.56,3.0,9,7.31,11.53,17.56,6.33,"[1.3, 1.35, 2.85, 1.37, 1.55]","[0.93, 0.74, 0.0, 0.59, 0.2]","[4.92, 11.57, 3.62, 13.56, 6.47]",LA_LIGA,14.8,11.9,3.4,19.2
Athletic Club,1.52,0.75,1.89,9,10.51,6.79,17.0,5.56,"[1.18, 3.37, 1.11, 0.64, 0.93]","[1.08, 0.61, 1.08, 0.69, 1.03]","[6.5, 10.38, 12.12, 7.19, 18.4]",LA_LIGA,14.8,11.9,3.4,19.2
Mallorca,1.02,1.12,1.0,9,13.23,4.05,12.89,3.11,"[1.3, 0.89, 1.23, 0.69, 1.84]","[0.93, 1.43, 1.79, 0.64, 0.1]","[8.52, 8.17, 8.94, 5.68, 8.0]",LA_LIGA,14.8,11.9,3.4,19.2
Borussia Dortmund,1.33,1.0,1.55,11,12.55,10.0,15.91,4.45,"[1.09, 2.16, 1.06, 0.87, 2.33]","[1.98, 0.42, 0.47, 0.42, 1.35]","[14.25, 7.97, 10.84, 9.69, 22.6]",BUNDESLIGA,15.5,13.1,2.9,17.8
Bayer Leverkusen,1.38,0.97,2.08,12,13.58,8.65,14.58,5.42,"[1.86, 2.08, 1.38, 1.28, 1.3]","[0.56, 0.71, 1.39, 1.27, 0.76]","[7.35, 17.93, 10.84, 14.18, 10.86]",BUNDESLIGA,15.5,13.1,2.9,17.8
1. FC Heidenheim 1846,1.21,1.18,1.18,11,15.0,0.0,13.09,4.64,"[0.96, 0.44, 1.6, 1.75, 1.3]","[0.9, 1.57, 1.25, 1.16, 1.28]","[15.0, 15.0, 15.0, 15.0, 15.0]",BUNDESLIGA,15.5,13.1,2.9,17.8
1. FC Union Berlin,1.11,1.21,0.91,11,15.0,0.0,13.45,3.64,"[1.26, 0.42, 1.06, 0.91, 0.71]","[1.05, 2.16, 0.86, 1.06, 1.38]","[15.0, 15.0, 15.0, 15.0, 15.0]",BUNDESLIGA,15.5,13.1,2.9,17.8
Mainz,1.02,1.17,1.45,11,15.0,0.0,10.36,4.18,"[0.9, 1.1, 1.11, 1.59, 0.93]","[0.96, 0.6, 1.13, 1.08, 2.16]","[15.0, 15.0, 15.0, 15.0, 15.0]",BUNDESLIGA,15.5,13.1,2.9,17.8
VfL Bochum,1.23,1.16,1.17,12,15.0,0.0,13.67,4.58,"[1.15, 0.96, 1.0, 1.69, 0.76]","[1.37, 0.74, 1.3, 1.74, 1.3]","[15.0, 15.0, 15.0, 15.0, 15.0]",BUNDESLIGA,15.5,13.1,2.9,17.8
SC Freiburg,0.99,1.2,1.36,11,15.0,0.0,10.27,4.0,"[0.61, 1.61, 0.71, 0.74, 2.16]","[0.37, 0.81, 1.25, 1.26, 0.93]","[15.0, 15.0, 15.0, 15.0, 15.0]",BUNDESLIGA,15.5,13.1,2.9,17.8
Holstein Kiel,1.05,1.53,1.73,11,15.0,0.0,10.82,4.27,"[0.98, 0.56, 0.86, 1.45, 1.28]","[2.08, 1.86, 1.06, 0.54, 1.3]","[15.0, 15.0, 15.0, 15.0, 15.0]",BUNDESLIGA,15.5,13.1,2.9,17.8
St. Pauli,0.81,0.88,0.73,11,23.25,4.97,9.82,2.64,"[0.37, 0.6, 0.47, 1.18, 1.1]","[0.61, 1.1, 1.06, 1.28, 0.2]","[20.83, 10.91, 16.35, 20.64, 15.82]",BUNDESLIGA,15.5,13.1,2.9,17.8
Eintracht Frankfurt,1.27,1.37,1.73,11,11.57,6.71,13.0,5.18,"[2.08, 0.59, 0.71, 1.06, 1.74]","[0.98, 2.39, 2.08, 0.91, 1.69]","[8.35, 4.68, 6.6, 16.4, 13.92]",BUNDESLIGA,15.5,13.1,2.9,17.8
TSG Hoffenheim,1.1,1.37,1.09,11,15.0,0.0,12.82,3.82,"[1.47, 0.69, 0.74, 1.16, 0.2]","[0.94, 1.54, 0.96, 1.75, 1.1]","[15.0, 15.0, 15.0, 15.0, 15.0]",BUNDESLIGA,15.5,13.1,2.9,17.8
VfL Wolfsburg,1.11,1.04,1.55,11,15.0,0.0,12.64,4.0,"[0.71, 1.37, 0.81, 1.28, 0.89]","[0.98, 1.15, 1.59, 1.18, 0.74]","[15.0, 15.0, 15.0, 15.0, 15.0]",BUNDESLIGA,15.5,13.1,2.9,17.8
Borussia Mönchengladbach,1.06,1.4,1.64,11,15.0,0.0,10.27,4.55,"[1.05, 1.0, 1.25, 1.08, 1.49]","[1.26, 1.33, 1.6, 1.59, 1.39]","[15.0, 15.0, 15.0, 15.0, 15.0]",BUNDESLIGA,15.5,13.1,2.9,17.8
Bayern Munich,1.85,0.7,2.55,11,9.2,13.91,18.18,7.82,"[0.1, 2.39, 1.81, 1.3, 1.38]","[1.11, 0.59, 0.96, 1.0, 0.71]","[9.0, 6.14, 7.46, 8.14, 7.64]",BUNDESLIGA,15.5,13.1,2.9,17.8
RB Leipzig,1.12,1.14,1.55,11,15.0,0.0,12.36,4.18,"[1.18, 1.57, 1.13, 1.26, 1.35]","[0.79, 0.44, 1.11, 0.74, 2.33]","[15.0, 15.0, 15.0, 15.0, 15.0]",BUNDESLIGA,15.5,13.1,2.9,17.8
Werder Bremen,1.05,1.36,1.27,11,14.55,7.53,12.55,3.55,"[0.94, 0.81, 1.59, 1.39, 1.39]","[1.47, 1.61, 0.81, 1.38, 1.49]","[8.43, 26.0, 5.23, 20.7, 17.71]",BUNDESLIGA,15.5,13.1,2.9,17.8
FC Augsburg,0.85,0.95,1.09,11,15.0,0.0,9.55,3.09,"[0.79, 1.33, 1.25, 0.42, 0.74]","[1.18, 1.0, 0.71, 0.87, 0.89]","[15.0, 15.0, 15.0, 15.0, 15.0]",BUNDESLIGA,15.5,13.1,2.9,17.8
VfB Stuttgart,1.07,1.02,1.64,11,11.34,8.82,10.55,4.55,"[0.98, 1.54, 0.96, 0.54, 1.27]","[0.71, 0.69, 1.81, 1.45, 1.28]","[36.0, 6.88, 14.0, 11.6, 11.23]",BUNDESLIGA,15.5,13.1,2.9,17.8
Venezia,0.77,1.41,0.6,10,15.0,0.0,9.1,2.6,"[0.96, 0.71, 0.69, 0.64, 1.1]","[1.25, 1.3, 0.81, 1.26, 1.44]","[15.0, 15.0, 15.0, 15.0, 15.0]",SERIE_A,14.1,11.5,3.6,20.1
Empoli,0.76,1.43,0.6,10,15.0,0.0,9.7,2.3,"[0.4, 1.28, 0.62, 0.47, 0.27]","[1.4, 1.93, 1.66, 0.32, 1.47]","[15.0, 15.0, 15.0, 15.0, 15.0]",SERIE_A,14.1,11.5,3.6,20.1
Fiorentina,0.9,1.15,1.09,11,13.77,5.03,9.64,3.45,"[0.59, 0.61, 0.76, 0.86, 0.59]","[2.06, 0.88, 0.71, 0.76, 2.27]","[15.05, 18.45, 7.14, 11.75, 20.5]",SERIE_A,14.1,11.5,3.6,20.1
Napoli,1.09,0.81,1.8,10,13.15,6.92,12.3,4.0,"[1.38, 0.49, 1.13, 1.43, 2.27]","[0.88, 1.2, 0.76, 0.42, 0.59]","[13.58, 29.33, 20.21, 10.58, 34.0]",SERIE_A,14.1,11.5,3.6,20.1
Hellas Verona,0.97,1.26,0.4,10,15.0,0.0,11.3,3.4,"[1.91, 0.59, 0.71, 0.49, 0.59]","[1.69, 1.26, 0.76, 2.43, 1.32]","[15.0, 15.0, 15.0, 15.0, 15.0]",SERIE_A,14.1,11.5,3.6,20.1
Udinese,1.2,1.14,1.22,9,12.78,5.16,12.56,4.78,"[1.25, 0.88, 1.93, 1.2, 1.72]","[1.06, 1.38, 1.28, 0.62, 0.93]","[14.85, 7.0, 20.35, 9.88, 25.17]",SERIE_A,14.1,11.5,3.6,20.1
Monza,0.49,1.38,0.7,10,15.0,0.0,5.8,1.7,"[0.27, 0.76, 0.49, 0.69, 0.0]","[2.5, 1.55, 1.87, 1.49, 0.0]","[15.0, 15.0, 15.0, 15.0, 15.0]",SERIE_A,14.1,11.5,3.6,20.1
Cagliari,0.79,1.14,1.2,10,16.49,3.61,9.5,2.6,"[1.06, 0.15, 0.64, 0.22, 0.57]","[0.57, 0.69, 1.54, 1.35, 0.64]","[32.5, 15.82, 9.0, 14.52, 22.17]",SERIE_A,14.1,11.5,3.6,20.1
Lecce,0.91,1.16,0.9,10,12.92,3.42,10.8,3.1,"[0.42, 1.55, 0.62, 0.76, 0.91]","[0.64, 0.76, 1.2, 0.86, 1.88]","[6.0, 9.12, 12.67, 16.95, 24.36]",SERIE_A,14.1,11.5,3.6,20.1
Genoa,0.86,0.89,1.0,10,11.07,3.89,10.3,2.9,"[0.54, 1.3, 0.79, 0.32, 0.64]","[0.86, 0.71, 1.5, 0.47, 0.57]","[8.78, 9.6, 8.11, 9.31, 8.2]",SERIE_A,14.1,11.5,3.6,20.1
Torino,0.95,1.35,1.4,10,15.19,4.39,9.9,3.8,"[0.86, 1.0, 0.81, 1.49, 0.54]","[0.54, 1.82, 2.26, 0.69, 1.08]","[24.2, 8.32, 17.17, 10.13, 18.69]",SERIE_A,14.1,11.5,3.6,20.1
Parma,1.01,1.03,0.9,10,15.0,0.0,10.8,3.9,"[0.57, 0.37, 0.56, 0.93, 1.08]","[1.06, 1.28, 0.92, 1.72, 0.54]","[15.0, 15.0, 15.0, 15.0, 15.0]",SERIE_A,14.1,11.5,3.6,20.1
AS Roma,1.34,0.82,1.9,10,15.0,0.0,14.0,5.3,"[1.25, 1.28, 1.87, 1.03, 1.47]","[0.96, 0.37, 0.49, 0.86, 0.27]","[15.0, 15.0, 15.0, 15.0, 15.0]",SERIE_A,14.1,11.5,3.6,20.1
Lazio,1.46,0.91,1.78,9,17.93,4.53,15.89,5.56,"[1.27, 2.5, 1.2, 0.81, 2.01]","[1.35, 0.27, 0.49, 0.69, 1.23]","[14.92, 19.87, 29.29, 12.5, 26.25]",SERIE_A,14.1,11.5,3.6,20.1
Como,1.12,0.94,1.4,10,8.34,6.37,11.7,4.5,"[1.52, 0.88, 0.76, 0.86, 1.44]","[0.76, 0.61, 1.13, 1.03, 1.1]","[10.5, 11.09, 5.21, 5.44, 7.06]",SERIE_A,14.1,11.5,3.6,20.1
Atalanta,1.3,0.98,1.78,9,11.63,9.34,13.44,5.22,"[2.3, 1.69, 0.69, 1.66, 1.26]","[0.61, 1.91, 0.15, 0.62, 0.64]","[5.15, 5.68, 11.97, 6.97, 10.12]",SERIE_A,14.1,11.5,3.6,20.1
Juventus,1.4,0.88,1.67,9,11.52,10.16,13.78,5.89,"[2.11, 0.76, 0.0, 1.54, 2.43]","[0.86, 1.52, 0.0, 0.64, 0.49]","[15.32, 7.73, 4.79, 9.3, 7.95]",SERIE_A,14.1,11.5,3.6,20.1
AC Milan,1.46,1.06,1.45,11,15.99,7.71,15.64,5.64,"[1.26, 2.26, 0.88, 1.23, 1.88]","[0.59, 0.81, 1.18, 2.01, 0.91]","[19.92, 15.65, 15.31, 11.68, 22.07]",SERIE_A,14.1,11.5,3.6,20.1
Internazionale,1.09,0.79,1.64,11,15.0,0.0,11.82,4.18,"[2.06, 0.0, 1.5, 0.42, 0.0]","[0.59, 0.0, 0.79, 1.43, 0.0]","[15.0, 15.0, 15.0, 15.0, 15.0]",SERIE_A,14.1,11.5,3.6,20.1
Bologna,1.34,0.65,1.73,11,10.63,5.26,14.27,5.18,"[1.82, 0.92, 1.18, 1.35, 1.32]","[1.0, 0.56, 0.88, 0.22, 0.59]","[10.33, 6.32, 17.44, 12.45, 16.52]",SERIE_A,14.1,11.5,3.6,20.1
Nice,1.4,1.07,2.0,11,16.57,5.53,14.27,5.73,"[0.81, 1.52, 1.88, 1.38, 1.72]","[1.18, 0.77, 0.96, 1.0, 0.98]","[20.54, 34.3, 12.67, 11.57, 12.48]",LIGUE_1,14.5,11.8,3.3,19.0
Stade Rennais,1.33,1.23,1.36,11,15.0,0.0,14.09,5.18,"[0.2, 1.9, 1.83, 1.01, 1.2]","[1.74, 0.15, 1.4, 2.03, 0.93]","[15.0, 15.0, 15.0, 15.0, 15.0]",LIGUE_1,14.5,11.8,3.3,19.0
Saint-Étienne,0.98,1.71,1.36,11,15.0,0.0,11.0,3.55,"[0.59, 1.91, 0.96, 0.96, 1.27]","[3.08, 1.13, 1.88, 1.49, 1.01]","[15.0, 15.0, 15.0, 15.0, 15.0]",LIGUE_1,14.5,11.8,3.3,19.0
Stade de Reims,0.87,1.48,0.75,12,15.0,0.0,10.5,2.83,"[0.15, 1.05, 1.33, 0.84, 0.95]","[1.9, 2.23, 1.73, 0.55, 1.96]","[15.0, 15.0, 15.0, 15.0, 15.0]",LIGUE_1,14.5,11.8,3.3,19.0
Lille,1.41,1.05,1.36,11,11.11,9.41,14.45,5.73,"[1.74, 1.17, 0.54, 1.86, 1.13]","[0.2, 1.01, 2.62, 0.86, 0.86]","[10.23, 8.68, 5.25, 10.5, 5.84]",LIGUE_1,14.5,11.8,3.3,19.0
Nantes,0.93,1.25,1.09,11,16.23,4.52,9.91,3.64,"[0.54, 1.81, 0.64, 0.79, 0.86]","[2.42, 1.18, 1.65, 0.57, 1.13]","[11.21, 48.0, 11.96, 10.25, 10.37]",LIGUE_1,14.5,11.8,3.3,19.0
Lyon,1.18,1.16,2.08,12,14.03,7.38,11.33,5.08,"[1.54, 0.98, 1.0, 1.64, 2.12]","[1.71, 1.35, 1.38, 1.3, 1.54]","[100.0, 8.73, 12.0, 8.52, 14.17]",LIGUE_1,14.5,11.8,3.3,19.0
Montpellier,0.99,1.63,0.55,11,15.0,0.0,11.82,3.36,"[1.03, 0.77, 1.4, 0.86, 1.01]","[1.17, 1.52, 1.83, 1.86, 1.27]","[15.0, 15.0, 15.0, 15.0, 15.0]",LIGUE_1,14.5,11.8,3.3,19.0
Angers,0.78,1.49,1.09,11,19.98,3.74,9.55,2.55,"[0.86, 1.13, 0.37, 0.47, 0.54]","[1.28, 1.91, 2.51, 1.79, 1.4]","[17.22, 25.55, 18.59, 19.18, 27.33]",LIGUE_1,14.5,11.8,3.3,19.0
Brest,1.28,0.97,1.27,11,12.15,4.68,13.55,5.0,"[1.62, 0.84, 1.35, 1.79, 0.55]","[1.27, 0.27, 0.98, 0.47, 0.84]","[15.11, 13.35, 14.67, 8.97, 15.18]",LIGUE_1,14.5,11.8,3.3,19.0
Lens,1.14,1.13,1.09,11,11.4,8.71,13.55,3.82,"[0.35, 1.18, 1.84, 0.39, 0.93]","[1.25, 1.81, 0.88, 1.47, 1.2]","[6.03, 8.13, 5.71, 14.91, 25.73]",LIGUE_1,14.5,11.8,3.3,19.0
Toulouse,1.27,0.89,1.45,11,14.24,6.36,12.73,5.27,"[1.18, 1.15, 2.51, 0.76, 1.39]","[1.72, 0.91, 0.37, 1.01, 0.86]","[19.77, 14.5, 9.26, 10.82, 11.64]",LIGUE_1,14.5,11.8,3.3,19.0
Strasbourg,0.95,1.2,1.67,12,12.13,6.59,10.08,3.75,"[0.27, 0.66, 0.57, 0.86, 1.54]","[0.84, 1.3, 0.79, 1.39, 2.12]","[7.68, 10.44, 5.86, 12.68, 19.06]",LIGUE_1,14.5,11.8,3.3,19.0
AJ Auxerre,1.21,1.1,1.27,11,15.0,0.0,11.45,5.27,"[1.27, 1.05, 1.3, 1.73, 0.98]","[1.62, 0.64, 0.66, 1.33, 1.72]","[15.0, 15.0, 15.0, 15.0, 15.0]",LIGUE_1,14.5,11.8,3.3,19.0
Marseille,1.49,0.69,1.83,12,10.8,7.85,15.42,6.0,"[0.64, 1.65, 1.47, 0.79, 1.96]","[1.05, 0.64, 0.39, 1.4, 0.95]","[12.35, 6.23, 6.58, 6.37, 10.72]",LIGUE_1,14.5,11.8,3.3,19.0
Le Havre AC,0.99,1.42,1.36,11,15.0,0.0,10.64,3.82,"[1.18, 0.91, 0.88, 1.49, 1.3]","[0.81, 1.15, 1.84, 0.96, 1.64]","[15.0, 15.0, 15.0, 15.0, 15.0]",LIGUE_1,14.5,11.8,3.3,19.0
AS Monaco,1.66,1.05,2.5,10,15.0,0.0,16.8,6.8,"[2.42, 1.01, 2.23, 1.01, 1.4]","[0.54, 1.17, 1.05, 0.76, 0.54]","[15.0, 15.0, 15.0, 15.0, 15.0]",LIGUE_1,14.5,11.8,3.3,19.0
Paris Saint-Germain,1.8,0.99,2.9,10,15.0,0.0,17.8,7.6,"[1.72, 1.71, 2.62, 2.03, 1.4]","[1.18, 1.54, 0.54, 1.01, 0.79]","[15.0, 15.0, 15.0, 15.0, 15.0]",LIGUE_1,14.5,11.8,3.3,19.0
Querétaro,0.74,1.36,0.91,11,15.0,0.0,8.64,2.55,"[0.81, 0.59, 0.54, 1.25, 0.52]","[1.54, 1.14, 2.27, 0.99, 0.74]","[15.0, 15.0, 15.0, 15.0, 15.0]",LIGA_MX,14.0,11.2,3.5,19.5
América,1.51,0.82,2.09,11,15.0,0.0,15.45,6.18,"[1.42, 1.06, 1.35, 1.66, 0.76]","[0.98, 1.05, 0.3, 1.15, 0.71]","[15.0, 15.0, 15.0, 15.0, 15.0]",LIGA_MX,14.0,11.2,3.5,19.5
Mazatlán FC,0.66,1.15,1.0,11,15.0,0.0,7.82,2.27,"[1.7, 0.61, 0.93, 0.71, 0.54]","[0.91, 2.3, 1.62, 1.06, 1.4]","[15.0, 15.0, 15.0, 15.0, 15.0]",LIGA_MX,14.0,11.2,3.5,19.5
FC Juarez,0.96,1.15,0.91,11,15.0,0.0,10.64,3.55,"[1.25, 0.81, 0.64, 1.3, 1.13]","[1.94, 1.44, 1.67, 0.91, 0.83]","[15.0, 15.0, 15.0, 15.0, 15.0]",LIGA_MX,14.0,11.2,3.5,19.5
Tijuana,1.39,1.55,1.55,11,15.0,0.0,15.73,5.0,"[1.94, 1.38, 1.1, 1.52, 0.93]","[1.25, 1.23, 1.52, 1.83, 1.25]","[15.0, 15.0, 15.0, 15.0, 15.0]",LIGA_MX,14.0,11.2,3.5,19.5
Toluca,1.74,0.98,2.45,11,15.0,0.0,17.18,7.36,"[1.76, 1.44, 2.27, 1.15, 2.15]","[0.81, 0.81, 0.54, 1.66, 1.01]","[15.0, 15.0, 15.0, 15.0, 15.0]",LIGA_MX,14.0,11.2,3.5,19.5
Atlético de San Luis,0.91,1.29,1.09,11,15.0,0.0,9.55,3.64,"[1.37, 0.42, 0.88, 0.96, 0.83]","[0.81, 1.94, 1.67, 1.57, 1.13]","[15.0, 15.0, 15.0, 15.0, 15.0]",LIGA_MX,14.0,11.2,3.5,19.5
Tigres UANL,1.03,1.03,1.55,11,15.0,0.0,11.73,3.73,"[1.05, 0.69, 1.67, 1.59, 0.74]","[1.28, 1.3, 0.64, 1.13, 0.52]","[15.0, 15.0, 15.0, 15.0, 15.0]",LIGA_MX,14.0,11.2,3.5,19.5
Guadalajara,1.03,1.04,1.18,11,15.0,0.0,11.0,4.0,"[0.81, 0.83, 1.67, 0.81, 0.71]","[1.76, 1.55, 0.88, 0.95, 0.76]","[15.0, 15.0, 15.0, 15.0, 15.0]",LIGA_MX,14.0,11.2,3.5,19.5
Santos,1.07,1.66,1.0,11,15.0,0.0,12.18,3.82,"[0.91, 0.59, 1.95, 0.81, 1.65]","[1.7, 1.4, 0.77, 2.7, 1.03]","[15.0, 15.0, 15.0, 15.0, 15.0]",LIGA_MX,14.0,11.2,3.5,19.5
Cruz Azul,1.3,0.82,1.36,11,15.0,0.0,15.27,4.45,"[1.28, 1.4, 1.14, 1.06, 1.86]","[1.05, 0.59, 0.59, 0.71, 1.08]","[15.0, 15.0, 15.0, 15.0, 15.0]",LIGA_MX,14.0,11.2,3.5,19.5
Atlas,1.04,1.19,1.45,11,15.0,0.0,12.55,3.45,"[1.67, 0.69, 0.77, 1.57, 1.25]","[0.64, 1.78, 1.95, 0.96, 0.93]","[15.0, 15.0, 15.0, 15.0, 15.0]",LIGA_MX,14.0,11.2,3.5,19.5
Pumas UNAM,1.08,1.21,1.36,11,15.0,0.0,12.27,3.91,"[0.96, 0.3, 1.52, 0.95, 1.35]","[2.05, 1.35, 1.1, 0.81, 1.52]","[15.0, 15.0, 15.0, 15.0, 15.0]",LIGA_MX,14.0,11.2,3.5,19.5
Necaxa,1.54,1.35,2.17,12,15.0,0.0,16.25,6.08,"[1.78, 2.3, 1.13, 1.01, 0.98]","[0.69, 0.61, 1.59, 2.15, 1.62]","[15.0, 15.0, 15.0, 15.0, 15.0]",LIGA_MX,14.0,11.2,3.5,19.5
Monterrey,1.56,1.06,1.91,11,15.0,0.0,17.09,5.91,"[1.54, 1.94, 1.62, 2.7, 1.08]","[0.81, 0.42, 0.93, 0.81, 1.86]","[15.0, 15.0, 15.0, 15.0, 15.0]",LIGA_MX,14.0,11.2,3.5,19.5
Puebla,0.98,1.24,1.09,11,15.0,0.0,11.09,3.55,"[0.64, 1.23, 0.34, 0.99, 1.52]","[1.67, 1.38, 1.62, 1.25, 1.35]","[15.0, 15.0, 15.0, 15.0, 15.0]",LIGA_MX,14.0,11.2,3.5,19.5
León,1.12,1.2,1.67,12,15.0,0.0,11.83,4.42,"[1.05, 1.3, 1.83, 1.03, 1.62]","[1.06, 0.69, 1.52, 1.65, 0.98]","[15.0, 15.0, 15.0, 15.0, 15.0]",LIGA_MX,14.0,11.2,3.5,19.5
Pachuca,1.39,0.99,1.45,11,15.0,0.0,14.55,5.55,"[2.05, 1.55, 1.62, 0.91, 1.4]","[0.96, 0.83, 0.34, 1.3, 0.54]","[15.0, 15.0, 15.0, 15.0, 15.0]",LIGA_MX,14.0,11.2,3.5,19.5
LAFC,0.98,1.1,1.14,7,15.0,0.0,10.43,3.86,"[0.76, 1.06, 0.88, 1.08, 0.74]","[2.02, 0.86, 0.91, 1.47, 0.91]","[15.0, 15.0, 15.0, 15.0, 15.0]",MLS,14.2,11.0,3.2,18.8
Minnesota United FC,1.39,0.94,1.5,6,15.0,0.0,14.17,5.67,"[1.42, 1.22, 1.52, 1.86, 1.59]","[0.15, 0.97, 0.81, 1.08, 1.23]","[15.0, 15.0, 15.0, 15.0, 15.0]",MLS,14.2,11.0,3.2,18.8
Atlanta United FC,1.24,1.1,1.57,7,15.0,0.0,12.71,5.0,"[1.39, 1.08, 1.2, 1.42, 0.79]","[0.3, 1.61, 1.37, 1.29, 0.69]","[15.0, 15.0, 15.0, 15.0, 15.0]",MLS,14.2,11.0,3.2,18.8
CF Montréal,0.81,1.35,0.57,7,15.0,0.0,9.29,2.86,"[0.74, 0.74, 0.64, 1.69, 0.32]","[1.54, 1.47, 1.64, 0.54, 1.15]","[15.0, 15.0, 15.0, 15.0, 15.0]",MLS,14.2,11.0,3.2,18.8
Columbus Crew,1.15,0.71,1.43,7,15.0,0.0,12.0,4.57,"[1.15, 0.66, 1.8, 1.29, 1.15]","[0.27, 1.69, 0.25, 0.64, 0.32]","[15.0, 15.0, 15.0, 15.0, 15.0]",MLS,14.2,11.0,3.2,18.8
Chicago Fire FC,1.13,1.18,2.0,7,15.0,0.0,10.86,4.86,"[1.49, 1.03, 1.05, 0.54, 1.37]","[1.42, 0.37, 0.89, 1.69, 1.07]","[15.0, 15.0, 15.0, 15.0, 15.0]",MLS,14.2,11.0,3.2,18.8
D.C. United,1.15,1.16,1.33,6,15.0,0.0,12.17,4.5,"[1.62, 1.03, 1.47, 1.37, 0.64]","[1.03, 0.47, 0.74, 1.96, 1.29]","[15.0, 15.0, 15.0, 15.0, 15.0]",MLS,14.2,11.0,3.2,18.8
Toronto FC,0.73,1.13,1.0,6,15.0,0.0,7.33,3.0,"[0.93, 0.42, 0.37, 0.49, 0.71]","[0.83, 1.44, 1.03, 1.32, 1.42]","[15.0, 15.0, 15.0, 15.0, 15.0]",MLS,14.2,11.0,3.2,18.8
FC Cincinnati,1.27,1.15,1.29,7,15.0,0.0,13.71,4.86,"[1.44, 1.69, 1.37, 1.57, 1.43]","[0.42, 1.35, 1.2, 1.54, 0.87]","[15.0, 15.0, 15.0, 15.0, 15.0]",MLS,14.2,11.0,3.2,18.8
Red Bull New York,1.11,1.11,1.29,7,15.0,0.0,11.14,4.57,"[0.3, 1.54, 1.32, 1.2, 1.07]","[1.39, 1.64, 0.49, 1.37, 1.37]","[15.0, 15.0, 15.0, 15.0, 15.0]",MLS,14.2,11.0,3.2,18.8
Inter Miami CF,1.05,0.96,2.2,5,15.0,0.0,9.4,4.8,"[1.42, 1.05, 0.44, 1.61, 0.71]","[1.05, 0.54, 0.45, 1.08, 1.67]","[15.0, 15.0, 15.0, 15.0, 15.0]",MLS,14.2,11.0,3.2,18.8
New York City FC,1.04,1.22,1.5,6,15.0,0.0,10.0,4.5,"[0.79, 1.88, 0.98, 0.25, 1.29]","[1.0, 1.23, 0.47, 1.8, 1.42]","[15.0, 15.0, 15.0, 15.0, 15.0]",MLS,14.2,11.0,3.2,18.8
Orlando City SC,1.4,1.29,2.14,7,15.0,0.0,14.57,5.57,"[1.23, 1.64, 1.96, 1.28, 0.66]","[1.88, 1.54, 1.37, 0.74, 1.53]","[15.0, 15.0, 15.0, 15.0, 15.0]",MLS,14.2,11.0,3.2,18.8
Philadelphia Union,1.52,0.87,1.86,7,15.0,0.0,16.0,6.0,"[1.79, 1.15, 1.93, 1.67, 1.53]","[0.52, 1.08, 0.37, 0.71, 0.66]","[15.0, 15.0, 15.0, 15.0, 15.0]",MLS,14.2,11.0,3.2,18.8
Austin FC,0.98,0.94,0.71,7,15.0,0.0,12.14,3.14,"[1.6, 0.86, 1.15, 0.64, 0.67]","[0.66, 1.06, 1.33, 1.04, 1.32]","[15.0, 15.0, 15.0, 15.0, 15.0]",MLS,14.2,11.0,3.2,18.8
Sporting Kansas City,0.93,0.98,1.14,7,15.0,0.0,10.43,3.43,"[0.47, 0.81, 0.91, 1.25, 1.39]","[1.03, 1.52, 0.88, 0.59, 1.03]","[15.0, 15.0, 15.0, 15.0, 15.0]",MLS,14.2,11.0,3.2,18.8
Houston Dynamo FC,0.67,1.11,0.71,7,15.0,0.0,8.86,1.86,"[0.27, 0.99, 0.42, 0.62, 0.91]","[1.15, 1.1, 1.13, 1.88, 0.74]","[15.0, 15.0, 15.0, 15.0, 15.0]",MLS,14.2,11.0,3.2,18.8
FC Dallas,0.91,1.09,1.43,7,15.0,0.0,10.0,3.43,"[1.42, 0.3, 1.47, 0.59, 0.69]","[1.49, 1.0, 0.79, 1.25, 0.79]","[15.0, 15.0, 15.0, 15.0, 15.0]",MLS,14.2,11.0,3.2,18.8
Nashville SC,1.45,1.0,1.43,7,15.0,0.0,14.57,6.0,"[2.64, 1.08, 1.64, 1.54, 1.49]","[0.93, 1.15, 0.64, 1.57, 0.73]","[15.0, 15.0, 15.0, 15.0, 15.0]",MLS,14.2,11.0,3.2,18.8
New England Revolution,0.74,1.2,0.5,6,15.0,0.0,9.67,2.17,"[0.44, 0.52, 0.47, 1.37, 0.87]","[0.81, 1.79, 0.98, 1.2, 1.43]","[15.0, 15.0, 15.0, 15.0, 15.0]",MLS,14.2,11.0,3.2,18.8
St. Louis CITY SC,0.98,1.13,0.57,7,15.0,0.0,11.29,3.43,"[1.3, 1.3, 0.37, 1.04, 1.03]","[2.11, 0.87, 1.93, 0.64, 1.39]","[15.0, 15.0, 15.0, 15.0, 15.0]",MLS,14.2,11.0,3.2,18.8
Colorado Rapids,0.82,1.48,1.14,7,15.0,0.0,9.86,2.71,"[0.66, 0.93, 0.52, 1.77, 0.35]","[1.6, 2.67, 1.15, 0.86, 1.4]","[15.0, 15.0, 15.0, 15.0, 15.0]",MLS,14.2,11.0,3.2,18.8
San Jose Earthquakes,1.54,1.54,1.5,6,15.0,0.0,16.83,5.83,"[0.95, 0.97, 2.67, 2.02, 0.86]","[1.11, 1.22, 0.93, 1.66, 2.38]","[15.0, 15.0, 15.0, 15.0, 15.0]",MLS,14.2,11.0,3.2,18.8
Real Salt Lake,1.14,1.26,1.0,7,15.0,0.0,12.57,4.29,"[1.37, 1.1, 0.79, 1.23, 0.54]","[1.71, 0.99, 1.47, 1.59, 0.35]","[15.0, 15.0, 15.0, 15.0, 15.0]",MLS,14.2,11.0,3.2,18.8
Seattle Sounders FC,1.51,0.81,1.33,6,15.0,0.0,16.17,5.83,"[0.91, 2.02, 0.87, 1.13, 2.38]","[1.03, 0.76, 1.3, 0.42, 0.86]","[15.0, 15.0, 15.0, 15.0, 15.0]",MLS,14.2,11.0,3.2,18.8
Charlotte FC,0.95,1.47,1.71,7,15.0,0.0,10.0,3.71,"[0.45, 1.35, 1.66, 0.86, 0.73]","[0.44, 1.69, 2.02, 1.77, 1.49]","[15.0, 15.0, 15.0, 15.0, 15.0]",MLS,14.2,11.0,3.2,18.8
Portland Timbers,1.05,1.27,1.29,7,15.0,0.0,10.0,4.57,"[0.93, 0.93, 1.15, 1.88, 1.32]","[2.64, 1.01, 0.52, 0.62, 0.67]","[15.0, 15.0, 15.0, 15.0, 15.0]",MLS,14.2,11.0,3.2,18.8
Vancouver Whitecaps,1.4,0.6,1.71,7,15.0,0.0,14.57,5.57,"[1.54, 1.0, 0.89, 1.42, 1.4]","[0.74, 0.3, 1.05, 0.71, 0.35]","[15.0, 15.0, 15.0, 15.0, 15.0]",MLS,14.2,11.0,3.2,18.8
LA Galaxy,0.93,1.19,0.71,7,15.0,0.0,11.14,3.14,"[2.11, 1.01, 1.08, 0.74, 0.35]","[1.3, 0.93, 1.86, 1.28, 0.54]","[15.0, 15.0, 15.0, 15.0, 15.0]",MLS,14.2,11.0,3.2,18.8
San Diego FC,1.37,0.89,1.67,6,15.0,0.0,14.67,5.33,"[0.87, 1.71, 1.69, 1.33, 1.47]","[0.34, 1.37, 0.66, 1.15, 1.08]","[15.0, 15.0, 15.0, 15.0, 15.0]",MLS,14.2,11.0,3.2,18.8
Cruzeiro,0.97,0.99,1.5,10,15.0,0.0,10.0,3.9,"[1.03, 2.17, 0.0, 0.0, 1.81]","[1.47, 0.78, 0.0, 0.0, 0.62]","[15.0, 15.0, 15.0, 15.0, 15.0]",BRASILEIRAO,13.8,11.5,3.4,19.8
Mirassol,1.04,1.14,1.6,10,15.0,0.0,11.7,3.8,"[0.0, 0.96, 1.3, 0.64, 0.54]","[0.0, 1.23, 0.86, 2.69, 1.01]","[15.0, 15.0, 15.0, 15.0, 15.0]",BRASILEIRAO,13.8,11.5,3.4,19.8
Fortaleza,0.98,1.21,1.0,10,15.0,0.0,11.2,3.5,"[0.67, 0.97, 2.56, 0.86, 0.62]","[1.76, 1.18, 0.32, 1.54, 1.81]","[15.0, 15.0, 15.0, 15.0, 15.0]",BRASILEIRAO,13.8,11.5,3.4,19.8
Fluminense,1.1,0.77,1.3,10,15.0,0.0,12.4,4.0,"[0.52, 1.96, 0.0, 1.69, 1.45]","[1.59, 1.15, 0.0, 0.57, 0.59]","[15.0, 15.0, 15.0, 15.0, 15.0]",BRASILEIRAO,13.8,11.5,3.4,19.8
Grêmio,0.85,1.03,0.9,10,15.0,0.0,9.3,3.2,"[1.51, 0.76, 1.16, 0.51, 0.69]","[1.06, 0.77, 0.91, 1.6, 1.16]","[15.0, 15.0, 15.0, 15.0, 15.0]",BRASILEIRAO,13.8,11.5,3.4,19.8
Atlético-MG,0.0,0.0,1.0,10,15.0,0.0,0.0,0.0,"[0.0, 0.0, 0.0, 0.0, 0.0]","[0.0, 0.0, 0.0, 0.0, 0.0]","[15.0, 15.0, 15.0, 15.0, 15.0]",BRASILEIRAO,13.8,11.5,3.4,19.8
Juventude,0.7,1.42,0.8,10,15.0,0.0,8.7,2.2,"[0.32, 0.0, 0.32, 0.57, 0.59]","[1.49, 0.0, 2.56, 1.69, 1.2]","[15.0, 15.0, 15.0, 15.0, 15.0]",BRASILEIRAO,13.8,11.5,3.4,19.8
Vitória,1.13,1.06,1.0,10,15.0,0.0,12.1,4.4,"[1.06, 0.96, 1.08, 2.11, 1.79]","[1.51, 1.86, 1.4, 0.64, 0.64]","[15.0, 15.0, 15.0, 15.0, 15.0]",BRASILEIRAO,13.8,11.5,3.4,19.8
São Paulo,0.95,0.92,0.82,11,15.0,0.0,11.64,3.09,"[1.18, 0.54, 1.6, 1.01, 1.18]","[0.97, 1.33, 0.51, 0.54, 1.49]","[15.0, 15.0, 15.0, 15.0, 15.0]",BRASILEIRAO,13.8,11.5,3.4,19.8
Sport,0.99,1.08,0.5,10,15.0,0.0,11.6,3.4,"[1.76, 1.15, 0.0, 0.93, 1.18]","[0.67, 1.96, 0.0, 0.71, 1.33]","[15.0, 15.0, 15.0, 15.0, 15.0]",BRASILEIRAO,13.8,11.5,3.4,19.8
Flamengo,1.3,0.75,1.9,10,15.0,0.0,13.5,5.2,"[1.57, 0.78, 1.3, 1.11, 0.71]","[0.64, 2.17, 0.54, 0.64, 1.01]","[15.0, 15.0, 15.0, 15.0, 15.0]",BRASILEIRAO,13.8,11.5,3.4,19.8
Internacional,1.35,1.0,1.2,10,15.0,0.0,14.5,5.2,"[1.49, 0.88, 1.55, 2.69, 1.33]","[0.32, 2.18, 1.32, 0.64, 1.18]","[15.0, 15.0, 15.0, 15.0, 15.0]",BRASILEIRAO,13.8,11.5,3.4,19.8
Palmeiras,1.1,0.88,1.1,10,15.0,0.0,13.3,3.6,"[1.29, 1.04, 1.33, 1.35, 1.01]","[1.15, 1.25, 0.54, 0.69, 0.71]","[15.0, 15.0, 15.0, 15.0, 15.0]",BRASILEIRAO,13.8,11.5,3.4,19.8
Botafogo,1.17,0.91,1.11,9,15.0,0.0,12.78,4.44,"[0.0, 1.59, 1.28, 1.32, 0.64]","[0.0, 0.52, 0.69, 1.55, 1.11]","[15.0, 15.0, 15.0, 15.0, 15.0]",BRASILEIRAO,13.8,11.5,3.4,19.8
Vasco da Gama,1.09,1.05,1.1,10,15.0,0.0,11.4,4.3,"[1.47, 1.25, 1.4, 1.54, 0.59]","[1.03, 1.04, 1.08, 0.86, 1.45]","[15.0, 15.0, 15.0, 15.0, 15.0]",BRASILEIRAO,13.8,11.5,3.4,19.8
Santos,0.8,1.01,0.8,10,15.0,0.0,11.2,2.0,"[1.31, 0.77, 0.82, 0.42, 0.64]","[1.52, 0.76, 1.37, 0.79, 1.79]","[15.0, 15.0, 15.0, 15.0, 15.0]",BRASILEIRAO,13.8,11.5,3.4,19.8
Bahia,0.96,1.23,1.0,11,15.0,0.0,11.27,3.27,"[0.69, 0.54, 0.64, 1.16, 1.49]","[1.28, 1.3, 2.11, 0.69, 1.18]","[15.0, 15.0, 15.0, 15.0, 15.0]",BRASILEIRAO,13.8,11.5,3.4,19.8
Corinthians,0.86,0.92,1.2,10,15.0,0.0,10.1,3.0,"[0.64, 2.18, 0.86, 0.79, 0.0]","[1.57, 0.88, 1.3, 0.42, 0.0]","[15.0, 15.0, 15.0, 15.0, 15.0]",BRASILEIRAO,13.8,11.5,3.4,19.8
Red Bull Bragantino,1.31,1.18,1.2,10,15.0,0.0,14.5,4.9,"[1.52, 1.23, 0.91, 0.69, 1.2]","[1.31, 0.96, 1.16, 1.35, 0.59]","[15.0, 15.0, 15.0, 15.0, 15.0]",BRASILEIRAO,13.8,11.5,3.4,19.8
Ceará,1.04,1.09,1.22,9,15.0,0.0,11.0,4.11,"[0.74, 0.59, 1.86, 1.37, 0.71]","[1.13, 1.18, 0.96, 0.82, 0.93]","[15.0, 15.0, 15.0, 15.0, 15.0]",BRASILEIRAO,13.8,11.5,3.4,19.8
Fortuna Sittard,0.81,1.25,0.73,11,15.0,0.0,9.91,2.64,"[0.71, 1.2, 0.32, 1.11, 0.42]","[1.12, 0.25, 0.83, 1.59, 0.96]","[15.0, 15.0, 15.0, 15.0, 15.0]",EREDIVISIE,16.0,13.5,2.8,17.0
Go Ahead Eagles,1.32,1.4,1.91,11,15.0,0.0,14.09,5.09,"[0.83, 3.03, 1.94, 1.01, 1.27]","[1.4, 1.03, 0.32, 1.93, 1.06]","[15.0, 15.0, 15.0, 15.0, 15.0]",EREDIVISIE,16.0,13.5,2.8,17.0
Heracles Almelo,0.99,1.25,1.42,12,15.0,0.0,11.25,3.58,"[1.4, 0.25, 0.59, 0.83, 0.62]","[0.61, 1.2, 1.31, 1.25, 0.86]","[15.0, 15.0, 15.0, 15.0, 15.0]",EREDIVISIE,16.0,13.5,2.8,17.0
Sparta Rotterdam,1.43,1.06,1.45,11,15.0,0.0,15.27,5.55,"[2.42, 1.45, 1.13, 1.59, 0.96]","[0.81, 0.86, 0.76, 1.11, 0.57]","[15.0, 15.0, 15.0, 15.0, 15.0]",EREDIVISIE,16.0,13.5,2.8,17.0
Ajax Amsterdam,1.32,0.81,2.09,11,15.0,0.0,13.82,5.27,"[0.49, 1.42, 1.45, 0.91, 0.98]","[0.82, 0.52, 0.54, 1.33, 0.76]","[15.0, 15.0, 15.0, 15.0, 15.0]",EREDIVISIE,16.0,13.5,2.8,17.0
RKC Waalwijk,1.15,1.33,1.45,11,15.0,0.0,13.27,4.09,"[1.12, 0.49, 0.54, 0.54, 0.86]","[0.71, 1.69, 2.57, 1.92, 0.62]","[15.0, 15.0, 15.0, 15.0, 15.0]",EREDIVISIE,16.0,13.5,2.8,17.0
PEC Zwolle,1.04,1.24,1.64,11,15.0,0.0,10.09,4.45,"[0.61, 0.52, 0.76, 2.57, 1.1]","[1.4, 1.42, 1.13, 0.54, 1.8]","[15.0, 15.0, 15.0, 15.0, 15.0]",EREDIVISIE,16.0,13.5,2.8,17.0
NEC Nijmegen,0.99,1.37,1.55,11,15.0,0.0,11.0,3.64,"[0.49, 1.03, 1.01, 1.23, 0.57]","[1.45, 3.03, 1.55, 1.05, 0.96]","[15.0, 15.0, 15.0, 15.0, 15.0]",EREDIVISIE,16.0,13.5,2.8,17.0
PSV Eindhoven,1.8,0.95,2.0,11,15.0,0.0,19.27,7.0,"[1.4, 2.45, 1.69, 1.33, 1.23]","[0.83, 0.88, 0.49, 0.91, 1.06]","[15.0, 15.0, 15.0, 15.0, 15.0]",EREDIVISIE,16.0,13.5,2.8,17.0
AZ Alkmaar,1.27,0.94,1.45,11,15.0,0.0,13.36,5.0,"[0.98, 0.54, 1.05, 1.92, 1.25]","[1.34, 1.45, 1.23, 0.54, 0.4]","[15.0, 15.0, 15.0, 15.0, 15.0]",EREDIVISIE,16.0,13.5,2.8,17.0
FC Twente,1.34,0.97,2.0,11,15.0,0.0,14.64,5.09,"[0.84, 1.11, 0.81, 1.25, 0.96]","[0.66, 0.47, 1.71, 0.83, 0.42]","[15.0, 15.0, 15.0, 15.0, 15.0]",EREDIVISIE,16.0,13.5,2.8,17.0
Willem II,0.89,1.74,0.73,11,15.0,0.0,9.73,3.36,"[0.81, 1.37, 0.32, 1.3, 1.01]","[2.42, 1.47, 1.94, 1.55, 2.18]","[15.0, 15.0, 15.0, 15.0, 15.0]",EREDIVISIE,16.0,13.5,2.8,17.0
FC Groningen,1.08,1.03,1.08,12,15.0,0.0,11.42,4.25,"[0.66, 0.83, 0.54, 0.42, 1.06]","[0.84, 0.32, 1.01, 1.49, 1.23]","[15.0, 15.0, 15.0, 15.0, 15.0]",EREDIVISIE,16.0,13.5,2.8,17.0
Almere City,1.12,1.27,0.91,11,15.0,0.0,13.82,3.55,"[0.82, 0.47, 1.25, 1.55, 1.8]","[0.49, 1.11, 0.96, 1.3, 1.1]","[15.0, 15.0, 15.0, 15.0, 15.0]",EREDIVISIE,16.0,13.5,2.8,17.0
Feyenoord Rotterdam,1.49,0.92,2.0,11,15.0,0.0,15.55,5.91,"[1.45, 1.71, 1.93, 1.49, 0.4]","[0.49, 0.81, 1.01, 0.42, 1.25]","[15.0, 15.0, 15.0, 15.0, 15.0]",EREDIVISIE,16.0,13.5,2.8,17.0
FC Utrecht,1.29,1.38,1.45,11,15.0,0.0,14.55,4.73,"[1.55, 1.47, 1.55, 1.08, 1.06]","[0.76, 1.37, 1.01, 0.69, 1.27]","[15.0, 15.0, 15.0, 15.0, 15.0]",EREDIVISIE,16.0,13.5,2.8,17.0
NAC Breda,1.06,1.51,1.0,11,15.0,0.0,12.73,3.55,"[0.76, 0.86, 0.96, 1.01, 0.76]","[1.55, 1.45, 1.25, 0.54, 0.98]","[15.0, 15.0, 15.0, 15.0, 15.0]",EREDIVISIE,16.0,13.5,2.8,17.0
Heerenveen,1.31,1.28,1.64,11,15.0,0.0,14.73,4.82,"[1.34, 0.88, 1.31, 0.69, 2.18]","[0.98, 2.45, 0.59, 1.08, 1.01]","[15.0, 15.0, 15.0, 15.0, 15.0]",EREDIVISIE,16.0,13.5,2.8,17.0
Plymouth Argyle,0.0,0.0,1.5,8,15.0,0.0,0.0,0.0,"[0.0, 0.0, 0.0, 0.0, 0.0]","[0.0, 0.0, 0.0, 0.0, 0.0]","[15.0, 15.0, 15.0, 15.0, 15.0]",CHAMPIONSHIP,,,,
Bristol City,0.0,0.0,1.22,9,15.0,0.0,0.0,0.0,"[0.0, 0.0, 0.0, 0.0, 0.0]","[0.0, 0.0, 0.0, 0.0, 0.0]","[15.0, 15.0, 15.0, 15.0, 15.0]",CHAMPIONSHIP,,,,
Queens Park Rangers,0.0,0.0,1.67,9,15.0,0.0,0.0,0.0,"[0.0, 0.0, 0.0, 0.0, 0.0]","[0.0, 0.0, 0.0, 0.0, 0.0]","[15.0, 15.0, 15.0, 15.0, 15.0]",CHAMPIONSHIP,,,,
Watford,0.0,0.0,1.0,9,15.0,0.0,0.0,0.0,"[0.0, 0.0, 0.0, 0.0, 0.0]","[0.0, 0.0, 0.0, 0.0, 0.0]","[15.0, 15.0, 15.0, 15.0, 15.0]",CHAMPIONSHIP,,,,
Millwall,0.0,0.0,1.12,8,15.0,0.0,0.0,0.0,"[0.0, 0.0, 0.0, 0.0, 0.0]","[0.0, 0.0, 0.0, 0.0, 0.0]","[15.0, 15.0, 15.0, 15.0, 15.0]",CHAMPIONSHIP,,,,
Oxford United,0.0,0.0,0.8,10,15.0,0.0,0.0,0.0,"[0.0, 0.0, 0.0, 0.0, 0.0]","[0.0, 0.0, 0.0, 0.0, 0.0]","[15.0, 15.0, 15.0, 15.0, 15.0]",CHAMPIONSHIP,,,,
Burnley,0.0,0.0,1.0,9,15.0,0.0,0.0,0.0,"[0.0, 0.0, 0.0, 0.0, 0.0]","[0.0, 0.0, 0.0, 0.0, 0.0]","[15.0, 15.0, 15.0, 15.0, 15.0]",CHAMPIONSHIP,,,,
Stoke City,0.0,0.0,0.57,7,15.0,0.0,0.0,0.0,"[0.0, 0.0, 0.0, 0.0, 0.0]","[0.0, 0.0, 0.0, 0.0, 0.0]","[15.0, 15.0, 15.0, 15.0, 15.0]",CHAMPIONSHIP,,,,
Cardiff City,0.0,0.0,1.33,9,15.0,0.0,0.0,0.0,"[0.0, 0.0, 0.0, 0.0, 0.0]","[0.0, 0.0, 0.0, 0.0, 0.0]","[15.0, 15.0, 15.0, 15.0, 15.0]",CHAMPIONSHIP,,,,
Coventry City,0.0,0.0,1.25,8,15.0,0.0,0.0,0.0,"[0.0, 0.0, 0.0, 0.0, 0.0]","[0.0, 0.0, 0.0, 0.0, 0.0]","[15.0, 15.0, 15.0, 15.0, 15.0]",CHAMPIONSHIP,,,,
Leeds United,0.0,0.0,2.75,8,15.0,0.0,0.0,0.0,"[0.0, 0.0, 0.0, 0.0, 0.0]","[0.0, 0.0, 0.0, 0.0, 0.0]","[15.0, 15.0, 15.0, 15.0, 15.0]",CHAMPIONSHIP,,,,
Blackburn Rovers,0.0,0.0,1.11,9,15.0,0.0,0.0,0.0,"[0.0, 0.0, 0.0, 0.0, 0.0]","[0.0, 0.0, 0.0, 0.0, 0.0]","[15.0, 15.0, 15.0, 15.0, 15.0]",CHAMPIONSHIP,,,,
Luton Town,0.0,0.0,0.57,7,15.0,0.0,0.0,0.0,"[0.0, 0.0, 0.0, 0.0, 0.0]","[0.0, 0.0, 0.0, 0.0, 0.0]","[15.0, 15.0, 15.0, 15.0, 15.0]",CHAMPIONSHIP,,,,
Norwich City,0.0,0.0,1.25,8,15.0,0.0,0.0,0.0,"[0.0, 0.0, 0.0, 0.0, 0.0]","[0.0, 0.0, 0.0, 0.0, 0.0]","[15.0, 15.0, 15.0, 15.0, 15.0]",CHAMPIONSHIP,,,,
Portsmouth,0.0,0.0,1.36,11,15.0,0.0,0.0,0.0,"[0.0, 0.0, 0.0, 0.0, 0.0]","[0.0, 0.0, 0.0, 0.0, 0.0]","[15.0, 15.0, 15.0, 15.0, 15.0]",CHAMPIONSHIP,,,,
Swansea City,0.0,0.0,0.5,8,15.0,0.0,0.0,0.0,"[0.0, 0.0, 0.0, 0.0, 0.0]","[0.0, 0.0, 0.0, 0.0, 0.0]","[15.0, 15.0, 15.0, 15.0, 15.0]",CHAMPIONSHIP,,,,
Sheffield Wednesday,0.0,0.0,1.62,8,15.0,0.0,0.0,0.0,"[0.0, 0.0, 0.0, 0.0, 0.0]","[0.0, 0.0, 0.0, 0.0, 0.0]","[15.0, 15.0, 15.0, 15.0, 15.0]",CHAMPIONSHIP,,,,
Derby County,0.0,0.0,0.44,9,15.0,0.0,0.0,0.0,"[0.0, 0.0, 0.0, 0.0, 0.0]","[0.0, 0.0, 0.0, 0.0, 0.0]","[15.0, 15.0, 15.0, 15.0, 15.0]",CHAMPIONSHIP,,,,
West Bromwich Albion,0.0,0.0,1.62,8,15.0,0.0,0.0,0.0,"[0.0, 0.0, 0.0, 0.0, 0.0]","[0.0, 0.0, 0.0, 0.0, 0.0]","[15.0, 15.0, 15.0, 15.0, 15.0]",CHAMPIONSHIP,,,,
Preston North End,0.0,0.0,1.0,8,15.0,0.0,0.0,0.0,"[0.0, 0.0, 0.0, 0.0, 0.0]","[0.0, 0.0, 0.0, 0.0, 0.0]","[15.0, 15.0, 15.0, 15.0, 15.0]",CHAMPIONSHIP,,,,
Hull City,0.0,0.0,1.29,7,15.0,0.0,0.0,0.0,"[0.0, 0.0, 0.0, 0.0, 0.0]","[0.0, 0.0, 0.0, 0.0, 0.0]","[15.0, 15.0, 15.0, 15.0, 15.0]",CHAMPIONSHIP,,,,
Middlesbrough,0.0,0.0,1.29,7,15.0,0.0,0.0,0.0,"[0.0, 0.0, 0.0, 0.0, 0.0]","[0.0, 0.0, 0.0, 0.0, 0.0]","[15.0, 15.0, 15.0, 15.0, 15.0]",CHAMPIONSHIP,,,,
Sunderland,0.0,0.0,1.62,8,15.0,0.0,0.0,0.0,"[0.0, 0.0, 0.0, 0.0, 0.0]","[0.0, 0.0, 0.0, 0.0, 0.0]","[15.0, 15.0, 15.0, 15.0, 15.0]",CHAMPIONSHIP,,,,
Sheffield United,0.0,0.0,1.62,8,15.0,0.0,0.0,0.0,"[0.0, 0.0, 0.0, 0.0, 0.0]","[0.0, 0.0, 0.0, 0.0, 0.0]","[15.0, 15.0, 15.0, 15.0, 15.0]",CHAMPIONSHIP,,,,
Vitória de Guimaraes,1.24,0.86,1.45,11,15.0,0.0,13.18,4.82,"[1.15, 1.62, 1.74, 1.32, 0.91]","[0.89, 0.74, 0.83, 0.45, 0.91]","[15.0, 15.0, 15.0, 15.0, 15.0]",PRIMEIRA_LIGA,,,,
Sporting CP,1.59,0.78,2.64,11,15.0,0.0,16.18,6.55,"[0.81, 1.37, 1.57, 1.98, 1.49]","[1.03, 0.64, 0.86, 0.81, 0.35]","[15.0, 15.0, 15.0, 15.0, 15.0]",PRIMEIRA_LIGA,,,,
Moreirense,1.0,1.01,1.09,11,15.0,0.0,10.91,3.82,"[1.12, 0.79, 0.81, 1.41, 0.91]","[1.28, 0.47, 1.13, 0.93, 0.91]","[15.0, 15.0, 15.0, 15.0, 15.0]",PRIMEIRA_LIGA,,,,
AVS,0.73,1.32,0.75,12,15.0,0.0,9.33,2.17,"[0.66, 0.57, 0.64, 0.42, 0.69]","[1.33, 1.79, 2.2, 1.18, 1.66]","[15.0, 15.0, 15.0, 15.0, 15.0]",PRIMEIRA_LIGA,,,,
Benfica,1.78,0.64,2.55,11,15.0,0.0,17.18,7.64,"[3.18, 2.34, 1.96, 1.74, 1.49]","[0.54, 0.96, 0.59, 0.59, 1.32]","[15.0, 15.0, 15.0, 15.0, 15.0]",PRIMEIRA_LIGA,,,,
Braga,1.17,0.98,1.45,11,15.0,0.0,11.91,4.82,"[1.79, 1.54, 0.83, 0.98, 1.3]","[0.76, 1.49, 0.71, 0.96, 0.52]","[15.0, 15.0, 15.0, 15.0, 15.0]",PRIMEIRA_LIGA,,,,
Boavista,0.84,1.5,0.64,11,15.0,0.0,9.18,3.18,"[0.54, 1.2, 0.83, 0.93, 0.71]","[3.18, 0.67, 1.74, 1.41, 1.78]","[15.0, 15.0, 15.0, 15.0, 15.0]",PRIMEIRA_LIGA,,,,
Arouca,1.16,1.17,1.45,11,15.0,0.0,12.45,4.45,"[1.32, 0.49, 1.79, 0.27, 0.52]","[1.69, 0.69, 0.57, 0.96, 1.3]","[15.0, 15.0, 15.0, 15.0, 15.0]",PRIMEIRA_LIGA,,,,
Santa Clara,0.91,0.93,0.91,11,15.0,0.0,10.18,3.36,"[0.32, 0.67, 1.13, 0.27, 1.25]","[0.74, 1.2, 0.81, 0.84, 0.93]","[15.0, 15.0, 15.0, 15.0, 15.0]",PRIMEIRA_LIGA,,,,
SC Farense,1.02,1.16,0.73,11,15.0,0.0,11.73,3.64,"[1.69, 1.33, 1.18, 0.96, 1.32]","[1.32, 0.66, 1.13, 0.98, 1.49]","[15.0, 15.0, 15.0, 15.0, 15.0]",PRIMEIRA_LIGA,,,,
Casa Pia,0.86,1.38,1.45,11,15.0,0.0,9.91,3.0,"[0.62, 0.74, 0.86, 0.86, 0.91]","[0.2, 1.62, 1.57, 1.42, 1.2]","[15.0, 15.0, 15.0, 15.0, 15.0]",PRIMEIRA_LIGA,,,,
FC Famalicao,1.2,1.03,1.27,11,15.0,0.0,13.45,4.36,"[1.28, 1.16, 1.47, 0.81, 1.18]","[1.12, 1.35, 1.13, 1.98, 0.42]","[15.0, 15.0, 15.0, 15.0, 15.0]",PRIMEIRA_LIGA,,,,
Estrela,0.62,0.93,0.64,11,15.0,0.0,7.45,2.09,"[0.74, 0.47, 0.76, 0.45, 0.35]","[0.32, 0.79, 0.74, 1.32, 1.49]","[15.0, 15.0, 15.0, 15.0, 15.0]",PRIMEIRA_LIGA,,,,
Estoril,1.09,1.04,2.0,12,15.0,0.0,11.17,4.42,"[0.64, 1.13, 0.96, 0.39, 1.66]","[1.37, 1.18, 0.27, 1.42, 0.69]","[15.0, 15.0, 15.0, 15.0, 15.0]",PRIMEIRA_LIGA,,,,
Gil Vicente,0.86,1.06,0.82,11,15.0,0.0,9.73,3.09,"[0.2, 0.74, 0.84, 0.59, 1.78]","[0.62, 0.76, 0.27, 1.74, 0.71]","[15.0, 15.0, 15.0, 15.0, 15.0]",PRIMEIRA_LIGA,,,,
Rio Ave,0.94,1.52,1.18,11,15.0,0.0,10.55,3.45,"[0.93, 1.49, 1.13, 0.59, 1.2]","[1.03, 1.54, 1.47, 1.96, 0.91]","[15.0, 15.0, 15.0, 15.0, 15.0]",PRIMEIRA_LIGA,,,,
C.D. Nacional,1.12,1.33,1.36,11,15.0,0.0,12.18,4.27,"[0.76, 1.35, 0.96, 1.42, 0.93]","[1.79, 1.16, 2.34, 0.86, 1.25]","[15.0, 15.0, 15.0, 15.0, 15.0]",PRIMEIRA_LIGA,,,,
FC Porto,1.28,0.71,1.18,11,15.0,0.0,15.09,4.36,"[0.89, 0.69, 0.71, 2.2, 1.42]","[1.15, 0.49, 0.83, 0.64, 0.39]","[15.0, 15.0, 15.0, 15.0, 15.0]",PRIMEIRA_LIGA,,,,
Alanyaspor,1.06,1.28,1.33,12,15.0,0.0,12.25,3.75,"[2.33, 1.08, 0.74, 0.99, 0.32]","[0.95, 1.1, 1.62, 1.15, 1.03]","[15.0, 15.0, 15.0, 15.0, 15.0]",SUPER_LIG,,,,
Konyaspor,0.98,1.3,1.36,11,15.0,0.0,10.91,3.64,"[0.81, 1.05, 1.13, 0.86, 0.47]","[1.22, 0.79, 0.86, 0.95, 1.9]","[15.0, 15.0, 15.0, 15.0, 15.0]",SUPER_LIG,,,,
Caykur Rizespor,1.07,1.29,1.64,11,15.0,0.0,11.73,4.0,"[1.28, 1.08, 1.1, 0.88, 0.54]","[1.26, 0.81, 1.08, 1.45, 1.54]","[15.0, 15.0, 15.0, 15.0, 15.0]",SUPER_LIG,,,,
Besiktas,1.33,0.82,1.4,10,15.0,0.0,14.9,4.9,"[0.96, 1.74, 1.37, 1.62, 1.9]","[0.42, 0.76, 0.64, 0.98, 0.47]","[15.0, 15.0, 15.0, 15.0, 15.0]",SUPER_LIG,,,,
Adana Demirspor,0.74,1.58,1.0,10,15.0,0.0,7.6,3.0,"[0.0, 0.61, 0.95, 0.67, 0.83]","[0.9, 1.81, 2.33, 1.13, 1.96]","[15.0, 15.0, 15.0, 15.0, 15.0]",SUPER_LIG,,,,
Istanbul Basaksehir,1.0,0.86,1.4,10,15.0,0.0,10.7,3.9,"[0.25, 1.06, 0.91, 1.03, 1.25]","[0.7, 0.71, 0.35, 1.15, 0.93]","[15.0, 15.0, 15.0, 15.0, 15.0]",SUPER_LIG,,,,
Antalyaspor,1.02,1.07,1.0,12,15.0,0.0,11.33,3.75,"[1.05, 0.2, 1.45, 0.42, 1.03]","[1.15, 1.71, 0.88, 1.99, 0.32]","[15.0, 15.0, 15.0, 15.0, 15.0]",SUPER_LIG,,,,
Eyupspor,1.1,1.23,1.5,10,15.0,0.0,10.5,4.8,"[0.54, 0.76, 1.25, 0.95, 0.71]","[1.0, 1.74, 2.08, 0.86, 1.13]","[15.0, 15.0, 15.0, 15.0, 15.0]",SUPER_LIG,,,,
Galatasaray,1.39,0.78,1.91,11,15.0,0.0,15.73,5.0,"[1.26, 0.32, 1.62, 1.62, 1.99]","[1.28, 0.86, 1.66, 0.74, 0.42]","[15.0, 15.0, 15.0, 15.0, 15.0]",SUPER_LIG,,,,
Goztepe,1.31,0.83,1.3,10,15.0,0.0,15.2,4.6,"[0.82, 1.11, 1.01, 0.86, 1.13]","[0.52, 0.98, 0.64, 1.35, 0.71]","[15.0, 15.0, 15.0, 15.0, 15.0]",SUPER_LIG,,,,
Samsunspor,0.93,1.2,1.36,11,15.0,0.0,10.18,3.55,"[1.22, 0.81, 0.64, 1.96, 0.22]","[0.81, 1.08, 1.01, 0.83, 2.12]","[15.0, 15.0, 15.0, 15.0, 15.0]",SUPER_LIG,,,,
Trabzonspor,1.16,1.03,1.9,10,15.0,0.0,13.4,4.1,"[0.42, 1.72, 0.86, 1.63, 0.93]","[0.96, 1.57, 1.13, 0.44, 1.25]","[15.0, 15.0, 15.0, 15.0, 15.0]",SUPER_LIG,,,,
Kasimpasa,1.39,1.35,2.27,11,15.0,0.0,14.55,5.55,"[1.25, 1.15, 1.66, 1.25, 1.15]","[1.37, 1.05, 1.62, 1.35, 0.99]","[15.0, 15.0, 15.0, 15.0, 15.0]",SUPER_LIG,,,,
Gaziantep FK,1.24,1.25,1.4,10,15.0,0.0,13.2,4.8,"[1.32, 1.57, 2.08, 0.98, 0.94]","[0.74, 1.72, 1.25, 1.62, 1.23]","[15.0, 15.0, 15.0, 15.0, 15.0]",SUPER_LIG,,,,
Bodrum FK,1.07,0.82,0.73,11,15.0,0.0,12.45,3.73,"[0.71, 0.98, 1.13, 1.35, 1.54]","[1.06, 0.76, 0.67, 1.25, 0.54]","[15.0, 15.0, 15.0, 15.0, 15.0]",SUPER_LIG,,,,
Kayserispor,1.04,1.17,1.1,10,15.0,0.0,10.8,4.2,"[1.0, 0.98, 0.64, 1.15, 1.23]","[0.54, 1.11, 1.37, 1.03, 0.94]","[15.0, 15.0, 15.0, 15.0, 15.0]",SUPER_LIG,,,,
Fenerbahce,1.68,0.71,2.3,10,15.0,0.0,17.2,6.8,"[1.0, 1.37, 0.86, 1.71, 2.12]","[0.96, 1.25, 0.32, 0.2, 0.22]","[15.0, 15.0, 15.0, 15.0, 15.0]",SUPER_LIG,,,,
Hatayspor,1.01,1.69,1.5,10,15.0,0.0,9.8,4.3,"[1.18, 1.3, 0.76, 0.44, 1.71]","[1.52, 1.28, 0.98, 1.63, 2.01]","[15.0, 15.0, 15.0, 15.0, 15.0]",SUPER_LIG,,,,
Sivasspor,1.03,1.24,1.3,10,15.0,0.0,11.9,3.6,"[0.74, 0.79, 0.35, 1.35, 2.01]","[1.32, 1.05, 0.91, 0.86, 1.71]","[15.0, 15.0, 15.0, 15.0, 15.0]",SUPER_LIG,,,,
Godoy Cruz Antonio Tomba,0.7,1.13,0.5,6,15.0,0.0,8.83,2.17,"[0.64, 0.42, 1.35, 0.37, 0.93]","[1.47, 1.0, 1.11, 1.16, 0.96]","[15.0, 15.0, 15.0, 15.0, 15.0]",PRIMERA_DIVISION_ARG,,,,
Rosario Central,0.61,0.74,1.57,7,15.0,0.0,6.43,2.43,"[0.81, 0.0, 0.54, 0.59, 0.54]","[0.6, 0.0, 0.69, 1.79, 0.71]","[15.0, 15.0, 15.0, 15.0, 15.0]",PRIMERA_DIVISION_ARG,,,,
Tigre,1.13,0.92,1.5,6,15.0,0.0,12.67,4.17,"[0.3, 1.47, 1.23, 0.71, 1.72]","[0.69, 0.96, 1.05, 0.86, 1.54]","[15.0, 15.0, 15.0, 15.0, 15.0]",PRIMERA_DIVISION_ARG,,,,
Vélez Sarsfield,0.69,0.97,0.0,7,15.0,0.0,9.0,2.0,"[0.32, 0.81, 0.57, 1.16, 0.37]","[0.86, 0.42, 1.3, 0.37, 1.62]","[15.0, 15.0, 15.0, 15.0, 15.0]",PRIMERA_DIVISION_ARG,,,,
Defensa y Justicia,1.09,1.03,1.43,7,15.0,0.0,11.43,4.29,"[1.42, 0.91, 1.08, 1.44, 0.6]","[0.78, 0.74, 0.96, 0.81, 1.32]","[15.0, 15.0, 15.0, 15.0, 15.0]",PRIMERA_DIVISION_ARG,,,,
Banfield,0.93,0.86,0.83,6,15.0,0.0,10.17,3.5,"[1.34, 1.2, 0.86, 0.5, 0.89]","[1.03, 0.54, 0.88, 1.13, 0.67]","[15.0, 15.0, 15.0, 15.0, 15.0]",PRIMERA_DIVISION_ARG,,,,
Lanús,1.22,0.94,0.57,7,15.0,0.0,13.43,4.57,"[1.35, 0.49, 1.84, 1.25, 1.62]","[1.1, 2.01, 0.42, 1.33, 0.37]","[15.0, 15.0, 15.0, 15.0, 15.0]",PRIMERA_DIVISION_ARG,,,,
Deportivo Riestra,0.7,1.04,1.0,7,15.0,0.0,8.43,2.29,"[1.05, 0.74, 0.69, 0.61, 0.57]","[1.25, 0.91, 0.54, 1.3, 1.13]","[15.0, 15.0, 15.0, 15.0, 15.0]",PRIMERA_DIVISION_ARG,,,,
Newell's Old Boys,1.23,1.2,0.33,6,15.0,0.0,13.33,4.67,"[1.03, 1.13, 0.71, 0.96, 1.79]","[1.34, 0.79, 1.98, 1.08, 0.59]","[15.0, 15.0, 15.0, 15.0, 15.0]",PRIMERA_DIVISION_ARG,,,,
Independiente Rivadavia,1.26,1.33,1.17,6,15.0,0.0,13.17,5.0,"[0.64, 1.15, 1.72, 1.06, 1.54]","[0.52, 1.46, 1.01, 1.52, 1.72]","[15.0, 15.0, 15.0, 15.0, 15.0]",PRIMERA_DIVISION_ARG,,,,
Barracas Central,0.81,1.27,1.5,6,15.0,0.0,8.5,3.17,"[0.52, 0.54, 0.83, 1.05, 0.81]","[0.64, 1.2, 1.74, 1.08, 1.44]","[15.0, 15.0, 15.0, 15.0, 15.0]",PRIMERA_DIVISION_ARG,,,,
Racing Club,1.13,1.04,1.83,6,15.0,0.0,13.33,3.83,"[1.69, 0.67, 1.01, 0.86, 1.01]","[0.52, 1.27, 1.11, 0.71, 1.54]","[15.0, 15.0, 15.0, 15.0, 15.0]",PRIMERA_DIVISION_ARG,,,,
Independiente,1.09,0.72,1.86,7,15.0,0.0,12.14,4.0,"[1.4, 0.86, 1.3, 0.32, 1.06]","[0.74, 1.3, 0.57, 0.52, 0.1]","[15.0, 15.0, 15.0, 15.0, 15.0]",PRIMERA_DIVISION_ARG,,,,
Sarmiento (Junín),1.0,1.11,0.57,7,15.0,0.0,10.71,3.86,"[1.1, 1.33, 0.59, 1.3, 0.71]","[1.35, 0.98, 1.81, 0.61, 0.54]","[15.0, 15.0, 15.0, 15.0, 15.0]",PRIMERA_DIVISION_ARG,,,,
Belgrano (Córdoba),1.02,1.16,0.86,7,15.0,0.0,11.57,3.71,"[1.46, 0.88, 1.12, 0.57, 1.32]","[1.15, 0.86, 0.69, 2.1, 0.6]","[15.0, 15.0, 15.0, 15.0, 15.0]",PRIMERA_DIVISION_ARG,,,,
Huracán,1.06,1.01,1.14,7,15.0,0.0,10.86,4.29,"[0.98, 1.05, 0.59, 0.93, 1.15]","[0.96, 1.23, 1.38, 0.96, 0.57]","[15.0, 15.0, 15.0, 15.0, 15.0]",PRIMERA_DIVISION_ARG,,,,
San Martín (San Juan),0.86,1.04,0.14,7,15.0,0.0,12.14,2.14,"[0.6, 0.98, 1.13, 0.57, 1.06]","[0.81, 1.33, 1.64, 0.54, 1.13]","[15.0, 15.0, 15.0, 15.0, 15.0]",PRIMERA_DIVISION_ARG,,,,
Atlético Tucumán,0.91,0.81,1.14,7,15.0,0.0,9.71,3.57,"[1.25, 0.0, 1.81, 0.64, 0.93]","[1.05, 0.0, 0.59, 1.5, 0.54]","[15.0, 15.0, 15.0, 15.0, 15.0]",PRIMERA_DIVISION_ARG,,,,
San Lorenzo,0.85,0.96,0.86,7,15.0,0.0,8.71,3.43,"[0.81, 0.42, 1.54, 1.12, 0.57]","[0.91, 0.81, 0.64, 0.7, 1.15]","[15.0, 15.0, 15.0, 15.0, 15.0]",PRIMERA_DIVISION_ARG,,,,
Talleres (Córdoba),1.58,0.71,0.67,6,15.0,0.0,16.83,6.17,"[1.35, 2.01, 1.64, 1.5, 1.13]","[0.83, 0.49, 1.13, 0.64, 0.57]","[15.0, 15.0, 15.0, 15.0, 15.0]",PRIMERA_DIVISION_ARG,,,,
Estudiantes de La Plata,1.23,1.04,1.86,7,15.0,0.0,12.86,4.86,"[1.27, 1.01, 1.13, 0.93, 1.52]","[0.67, 1.72, 0.5, 1.18, 0.76]","[15.0, 15.0, 15.0, 15.0, 15.0]",PRIMERA_DIVISION_ARG,,,,
Unión (Santa Fe),0.93,1.35,0.33,6,15.0,0.0,11.33,3.0,"[0.74, 0.96, 1.18, 0.96, 0.96]","[0.81, 1.47, 1.44, 1.35, 0.93]","[15.0, 15.0, 15.0, 15.0, 15.0]",PRIMERA_DIVISION_ARG,,,,
Instituto (Córdoba),0.69,0.91,0.71,7,15.0,0.0,8.71,2.14,"[0.86, 0.05, 1.35, 0.7, 0.1]","[0.32, 1.35, 0.96, 1.12, 1.06]","[15.0, 15.0, 15.0, 15.0, 15.0]",PRIMERA_DIVISION_ARG,,,,
Gimnasia La Plata,0.64,1.03,0.71,7,15.0,0.0,7.57,2.14,"[0.74, 1.0, 0.42, 0.54, 0.54]","[1.4, 0.42, 1.84, 0.57, 0.93]","[15.0, 15.0, 15.0, 15.0, 15.0]",PRIMERA_DIVISION_ARG,,,,
Platense,0.78,0.91,0.86,7,15.0,0.0,9.14,2.71,"[0.54, 1.35, 0.64, 0.52, 0.96]","[1.06, 0.05, 1.54, 0.32, 0.93]","[15.0, 15.0, 15.0, 15.0, 15.0]",PRIMERA_DIVISION_ARG,,,,
River Plate,1.15,0.94,1.0,7,15.0,0.0,13.43,4.0,"[0.91, 1.3, 1.11, 1.33, 1.13]","[0.81, 0.86, 1.35, 1.25, 1.06]","[15.0, 15.0, 15.0, 15.0, 15.0]",PRIMERA_DIVISION_ARG,,,,
Boca Juniors,0.97,0.87,1.14,7,15.0,0.0,11.57,3.29,"[0.96, 1.11, 1.52, 0.67, 1.27]","[0.98, 1.01, 1.06, 0.89, 0.64]","[15.0, 15.0, 15.0, 15.0, 15.0]",PRIMERA_DIVISION_ARG,,,,
Argentinos Juniors,1.15,0.68,1.17,6,15.0,0.0,13.0,4.17,"[0.69, 1.06, 1.44, 1.38, 1.54]","[0.3, 0.54, 1.18, 0.59, 1.01]","[15.0, 15.0, 15.0, 15.0, 15.0]",PRIMERA_DIVISION_ARG,,,,
Central Córdoba (Santiago del Estero),1.28,0.98,2.14,7,15.0,0.0,12.57,5.43,"[0.78, 1.98, 1.08, 2.1, 0.76]","[1.42, 0.71, 1.05, 0.57, 1.52]","[15.0, 15.0, 15.0, 15.0, 15.0]",PRIMERA_DIVISION_ARG,,,,
Aldosivi,1.13,1.06,0.57,7,15.0,0.0,13.0,4.0,"[0.79, 1.74, 0.69, 1.18, 0.64]","[1.13, 0.83, 1.12, 0.93, 1.27]","[15.0, 15.0, 15.0, 15.0, 15.0]",PRIMERA_DIVISION_ARG,,,,
